文本編號,文本,情緒標記,註記
461,豐富的內容,1,nan
464,無歧視狀況,0,nan
465,非指導教授,0,nan
466,交管帽好看,0,nan
536,作業量有點大,-1,nan
537,老師教學認真,1,nan
539,老師非常好,1,nan
540,老師人超好,1,nan
541,謝謝老師!,1,nan
543,認真的教授,1,nan
545,速度有點快,-1,nan
546,規矩有點多,-1,nan
547,教學具熱忱,1,nan
548,教得非常好,1,nan
549,教官很用心,1,nan
550,皆非常同意,1,nan
552,沒什麼感覺,0,nan
553,老師很認真,1,nan
557,老師很辛苦,1,nan
558,老師很用心,1,nan
564,老師辛苦了,1,nan
565,老師人很好,1,nan
568,有點難聽懂,-1,nan
570,不知道是誰,0,nan
581,教學內容有趣,1,nan
582,老師很關心學生,1,nan
583,還沒考不知道,0,nan
584,講解的很詳細,1,nan
585,講解的很清楚,1,nan
586,課程內容豐富,1,nan
587,線上課程很棒,1,nan
588,理論內容清晰,1,nan
589,教學很有系統,1,nan
590,教授退休快樂,0,nan
591,專題指導教授,0,nan
592,真的超用心教,1,nan
593,很好，很用心,1,nan
594,老師熱心上課,1,nan
595,老師認真教學,1,nan
597,老師教得很好,1,nan
599,老師教的不錯,1,nan
600,老師授課認真,1,nan
601,老師很用心！,1,nan
603,老師只是掛名,-1,nan
604,老師上課認真,1,nan
606,老師上課風趣,1,nan
607,老師十分熱情,1,nan
608,老師人很好！,1,nan
609,好老師，友善,1,nan
610,多樣化的課程,1,nan
611,各方面都很棒,1,nan
612,可能是英文授,0,nan
613,他似乎沒備課,-1,nan
614,不是授課老師,0,nan
615,上課風氣輕鬆,1,nan
616,上課內容扎實,1,nan
617,Good!,100,nan
618,agree,100,nan
621,學到很多東西讚,1,nan
622,教學認真有系統!,1,nan
623,很會帶動課堂氣氛,1,nan
624,作業很有幫助,1,nan
625,豐富的上課內容,1,nan
626,整體而言，很棒,1,nan
627,整體內容無幫助,1,nan
628,認真、細心教學,1,nan
629,提供較多的互動,1,nan
630,都很好！！！！,1,nan
631,教學內容有深度,1,nan
632,教授講課很認真,1,nan
633,非常棒的國防課,1,nan
634,非常好的老師i,1,nan
635,我覺得老師超讚,1,nan
636,老師溫柔親切！,1,nan
637,老師會給予分享,1,nan
638,老師超棒的!!,1,nan
639,老師唱歌很好聽,1,nan
640,老師很認真教課,1,nan
641,老師很nice,1,nan
642,老師上課認真,1,nan
643,老師上課很認真,1,nan
644,老師上課很有趣,1,nan
645,主要著重在討論,0,nan
646,課程很有幫助,1,nan
653,老師很認真！,1,nan
654,不是指導老師,0,nan
655,建議都在心得裡了,0,nan
656,會為學生著想的老師,1,nan
657,評量方式適切且公平,1,nan
658,問的問題很有挑戰性,1,nan
659,很有趣增加很多知識,1,nan
660,學到了許多新知識,1,nan
661,課程中無不當言論,0,nan
662,超級優質的老師,1,nan
663,教學方式活潑新穎,1,nan
664,教的內容淺顯易懂,1,nan
665,更加認識成大歷史,1,nan
666,老師講解內容豐富,1,nan
667,老師教的蠻細心的,1,nan
668,老師你超棒教超好,1,nan
669,老師上課認真用心,1,nan
670,老師上課很認真！,1,nan
671,老師人很nice,1,nan
672,有耐心，教學清楚,1,nan
673,上課清楚容易明瞭,1,nan
674,上課用心講解認真,1,nan
676,學習到許多新知,1,nan
677,教官上課很認真,1,nan
679,更認識醫療體系,1,nan
680,我是用點數換的,0,nan
681,建議可以再放慢速度,-1,nan
682,機率與統計的作業太難,-1,nan
683,時間隔太久，忘了是誰,0,nan
685,沒有任何性別歧視,0,nan
686,老師上課舉例生動有趣,1,nan
687,可以講一些耳鏡的操作,-1,nan
688,心得500字就好嗚嗚,-1,nan
689,內容抓不太到課程重點,-1,nan
690,課程紮實，收穫良多,1,nan
691,課程內容容易理解,1,nan
692,熱心教學、態度認真,1,nan
695,影片拍太多次了很煩,-1,nan
696,演講內容多元豐富,1,nan
698,教學認真，課程有趣,1,nan
699,教學良好非常用心,1,nan
700,教學有趣老師親民,1,nan
701,政治部分敘述可減少,-1,nan
702,後期都線上教學居多,0,nan
703,很棒的課非常有趣,1,nan
705,我和松哥一起顧台灣,0,nan
706,考題有時敘述不清楚,-1,nan
707,老師講課很有趣!!,1,nan
708,老師對待同學還不錯,1,nan
709,老師上課很用心！！,1,nan
710,考試有些太難了,-1,nan
711,上課方式有點慢,-1,nan
712,最喜歡上生物課了,1,nan
713,教學很活潑題材多元,1,nan
714,教授細心的講解每件案子,1,nan
715,好希望其他課也給老師帶,1,nan
716,大多滿意無特別之意見,0,nan
717,踏溯過程中交到新朋友,0,nan
718,熱心教學、態度認真,1,nan
719,教授上課非常認真紮實,1,nan
720,教得有內容，但有點難,-1,nan
721,能因疫情適時調製課程,1,nan
722,老師很棒，很用心教課,1,nan
723,老師很耐心教導我們,1,nan
724,老師上課認真內容充實,1,nan
726,老師上課用心，感謝,1,nan
727,老師人很好，教學認真,1,nan
728,上課內容豐富但有點難,-1,nan
729,老師講解詳細，有趣,1,nan
730,老師上課很用心講解,1,nan
733,他不是我的指導老師,0,nan
734,改在榕園上課，非常不舒適,-1,nan
735,作業內容常常超出上課進度,-1,nan
736,作業內容可以實際應用所學,1,nan
737,有些圖能附上一些文字說明,-1,nan
738,會提供職場會話的例子,1,nan
739,雖然很累，但是學到很多,1,nan
741,循序漸進的學到很多東西,1,nan
742,深入探討各向醫療議題,1,nan
743,很不錯多學了一套軟體,1,nan
744,非指導教授，無法作答,0,nan
745,考題過難作答吃力,-1,nan
746,老師教學認真，內容充實,1,nan
747,老師用心講解，獲益良多,1,nan
748,老師中文表達能力待加強,-1,nan
749,老師上課認真，教材豐富,1,nan
750,老師上課超有趣度！推推,1,nan
751,老師上課很辛苦，不錯!,1,nan
752,老師人很好，只是教太快,-1,nan
753,有時黑板擦太快筆誤多,-1,nan
754,因為疫情關係無法上課,0,nan
755,未有講義授課，無法作答,0,nan
756,中英文夾雜有時容易混淆,-1,nan
757,上課風趣，學到很多知識,1,nan
758,上課內容清晰有架構易懂,1,nan
759,Nocomment.,100,nan
761,非其專題生，無法作答,0,nan
763,老師很用心在準備內容,1,nan
769,老師人很好用心教學很累,1,nan
770,分享許多老師的個人經驗,1,nan
771,雖然熱但能學到很多有趣,1,nan
772,整體上課感覺很輕鬆且愉快,1,nan
773,課程內容簡單卻非常有內涵,1,nan
774,張老師教學認真，受益良多,1,nan
775,我覺得老師講解的非常清晰,1,nan
776,作業對於未來都相當有幫助,1,nan
777,老師教學善用課外知識補充,1,nan
778,老師很認真，教學也很有趣,1,nan
779,老師很有趣，教學淺簡易董,1,nan
780,老師很用心上課內容很有趣,1,nan
781,老師上課認真，講解清楚,1,nan
782,老師上課認真，講解清晰！,1,nan
783,老師上課非常有趣！用心！,1,nan
784,老師上課非常用心且生動！,1,nan
785,老師人很好~教得很仔細!,1,nan
786,上課認真，解釋清晰，易懂,1,nan
787,Nocomments,100,nan
789,無回家作業及指定閱讀,0,nan
790,不清楚計分方式與比例,0,nan
791,教學十分確實且清楚！,1,nan
792,教學方式有點難吸收,-1,nan
793,非此位指導老師之學生,0,nan
794,應該是我遇過教的最好的老師,1,nan
795,說實在不知道這些名字誰是誰,0,nan
796,對於未來教學實務有更多了解,1,nan
797,期中考考的內容有點太細了！,-1,nan
798,喜歡老師用很多故事來舉例！,1,nan
799,沒有人比王老師更董教導我們,1,錯別字
800,老師認真負責，讓我很有收穫,1,nan
801,老師很幽默讓我很喜歡這堂課,1,nan
802,老師很用心，很喜歡~辛苦了,1,nan
803,因為是下午的課，容易打瞌睡,-1,nan
804,有時不太清楚老師的意思,-1,nan
805,認真上課幽默風趣的老師,1,nan
806,建議老師自製教材，事先備好課,-1,nan
807,課程內容發人深省，值得思考,1,nan
808,教學內容充實，理論具有應用性,1,nan
809,老師教的很快課堂上比較難吸收,-1,nan
810,學到很多重要技術老師很用心,1,nan
811,演講主題多元，可以多方面聆聽,1,nan
812,這學期因疫情影響幾乎沒上到課,-1,nan
813,教學認真，會和台下同學互動,1,nan
814,教學生動有趣，對老師很有印象,1,nan
817,老師很認真教學，也會鼓勵學生,1,nan
818,老師很可愛!上課方式也很棒,1,nan
819,老師有針對學生問題適時回應,1,nan
820,老師上課認真，十分體諒同學,1,nan
821,老師上課超有趣推爆好老師！,1,nan
822,老師人很好教學認真給分又甜,1,nan
823,以實際光譜儀器當教具，很有趣,1,nan
824,對學生一視同仁，態度良好,1,nan
827,講解清楚明瞭，但投影片有點繁瑣,-1,nan
828,會把每個實驗的反應機構解釋清楚,1,nan
829,無作業，因此部分題目無法作答,0,nan
830,將內容講得淺顯易懂，特別能理解,1,nan
831,針對學生的問題給予回答，很用心,1,nan
832,要讀的真的很多，但也學得很扎實,1,nan
833,我只有聽moodle的教學影片,0,nan
834,老師講解的很清楚，內容有趣多變,1,nan
835,老師報告太多，而且有點偏離課程,-1,nan
836,老師教學認真詳細課程內容扎實,1,nan
837,老師的教學非常生動！我很喜歡！,1,nan
838,老師人很好，教學也很認真對待,1,nan
839,有時候不是很明白老師想表達什麼,-1,nan
840,內容規劃上課方式考試方式都很好,1,nan
841,不太同意教授對於報告的評分方式,-1,nan
842,上課方式活潑生動，真的非常有趣,1,nan
843,老師其實滿用心，我覺得很充實,1,nan
844,擁有深厚的歷史知識，讓人獲益良多,1,nan
845,導遊老師都相當熱心回答學生的問題,1,nan
846,課程安排具條理，只是課程進度偏慢,-1,nan
847,課程內容豐富，老師也很認真教學,1,nan
848,補充教材對於學習英文作文有幫助,1,nan
849,教學認真只是講的偏慢但很詳細,1,nan
850,老師提的哲學問題讓我開始認真思考,1,nan
851,老師教學認真，而且上課風格有趣,1,nan
852,老師可愛又認真是個很優秀的老師,1,nan
853,老師分享很多生活例子，教學生動,1,nan
854,有助於學生增加對公民議題的參與度,1,nan
855,因為疫情變線上課，辛苦老師和助教,0,nan
857,老師認真，但上課從沒看過他出現,-1,nan
858,讚啦系上好老師好想老師多帶點課,1,nan
859,老師講解得十分清楚!非常受用！,1,nan
860,上課學到很多，很適合初學者學習新技能,1,nan
861,講解清楚且ppt整理得很好的老師,1,nan
862,學習到很多有關古典音樂跟音樂家故事,1,nan
863,請來的講師性別科版印象也太外放了吧,-1,nan
864,普物二跟水利關係不大學起來很吃力,-1,nan
865,教師教學用心，且關心學生學習進度,1,nan
866,故事很好聽，可以改變小組活動的方式,1,nan
867,延伸閱讀可以接觸更多相關類型的作品,1,nan
868,兩千字三篇真的太難了太難了ＯＵＯ,-1,nan
869,助教公告事項相當散漫造成同學的困擾,-1,nan
870,老師教學認真，上課模式也很有一套,1,nan
871,老師教學相當認真，常常回答同學問題,1,nan
872,老師的上課內容充實，讓我受益良多,1,nan
874,老師上課很有趣，講的東西也都很時事,1,nan
875,因疫情關係，黃老師並無參與本次課程,0,nan
876,以不同的例子來解說生物多樣性的意涵,0,重複
878,日文教學淺顯易懂，比起自學更有效果,1,nan
879,卜老師的污水作業真的棒，受益良多~,1,nan
880,實驗課有趣，老師教學有熱忱，會關心學生,1,nan
881,我覺得踏碩台南可以從必修變成選修就好,-1,nan
882,老師講得很好，助教也都很厲害，學到很多,1,nan
883,錄好之線上課程，較無法與老師實際互動,-1,nan
884,課程對理解《尚書》的學習有很大的幫助,1,nan
885,準備的資料能讓人學習到不同層次的東西,1,nan
886,進度過快很多同學後來都跟不太上了,-1,nan
887,教學認真上課盡責內容豐富教學有系統,1,nan
888,老師教學有趣，對學生問題都很熱心回答,1,nan
889,老師上課常淺顯易懂，而且非常用心！,1,特殊符號
890,不要有這課程，會影響到同學打工的時間,-1,nan
891,上課非常認真，可以從實作中學習到很多,1,nan
892,上課內容很豐富、老師挑的小說都很有趣,1,nan
893,上課內容很有深度，很廣，學到很多東西,1,nan
894,6、寄信件給老師老師都會非常用心回覆,1,特殊符號
895,謝謝老師總是耐心回答我們的問題真的很暖,1,nan
896,老師都會適時檢查學生有無跟上狀況，很棒!,1,nan
897,上課很仔細，很為學生著想，最好的數學老師,1,nan
898,講課時相當有趣，可以學習到很多校外知識,1,nan
899,認真教學，體諒並願意傾聽學生心聲的老師,1,nan
900,評量方式適切，鼓勵學生課堂討論與發問,1,nan
901,使我更加了解台南與成大校園的歷史與文化,0,沒有參考性
903,每堂的點名考讓我們能更加保持自己的進度,1,nan
904,老師非常用心規劃課程，且上課非常認真,1,nan
905,老師的公式推導稍多，可適時省略中間步驟,-1,nan
906,老師考量網路素質問題，加長課程開放時間,0,不好分
907,老師人很好!教學認真且評分適切!,1,nan
908,字太小，坐最後面用顯微鏡都不一定看的到,-1,nan
909,老師每兩週提供相關閱讀幫助學生學習,1,nan
910,將理論與實際應用結合，學到了很多新知,1,nan
911,我認為踏溯台南的各位老師表現都不錯,1,nan
912,老師教學舉的例非常棒，我覺得獲益良多,1,nan
913,我是找鄭永祥老師，故其他老師皆填無法作答,0,去識別
914,希望考試時能提供公式，其數量之多不好負荷,-1,nan
915,考試方式及內容無法適應，但是老師教得很棒,-1,需要斷句
916,老師很用心投影片很豐富手寫講義也很完整,1,nan
917,上課講解太過模糊，常常不懂老師想表達的意思,-1,nan
918,願意和學生依童學習跨領域知識，精神可嘉！,1,nan
919,透過功課有徹底練習到verilog撰寫,1,nan
920,教學風格幽默風趣，講解條理清楚，淺顯易懂,1,nan
921,疫情期間，卻沒有採用線上教學，頗不合理,-1,nan
922,老師讚讚不過因受傷未能出席仍須酌量減分,1,nan
923,老師教得非常清楚，邏輯很清晰，而且很用心,1,nan
924,老師很辛苦也很用心，很開心可以上老師的課,1,nan
925,老師很用心安排每場演講，聽完之後受益良多,1,nan
926,老師非常認真的講解，學習到很多，感謝老師,1,nan
927,老師辛苦了！謝謝您仔細地修正我們的報告,1,nan
928,老師上課風趣且認真講課，很享受上課的感覺,1,nan
929,有些PPT好像一開始沒給，所以沒辦法印到,-1,nan
930,上課內容有趣，就算是早八還是很喜歡去上課,1,nan
932,期末報告的形式希望可以統一才能更公平,-1,nan
933,期末作業建議在期末考前結束，不然會太趕,-1,nan
934,遠距教學很棒，內容豐富，影片可以重複播放很好,1,nan
935,都很棒!如果很強就可以不用考期末考有夠讚,1,nan
936,板書上若能有秩序的安排，能使我更容易理解內容,-1,nan
937,我上輩子幹了什麼好事才能修到這麼有意義的課,1,nan
938,老師教學很認真都講得很清楚只是有時候偏快,1,nan
939,上課教學很有熱忱與學生互動也沒有距離,1,nan
940,認真的老師，用心教導我們使用熱力學相關軟體,1,nan
941,演講課可以學到非常多不同領域的東西，非常好,1,nan
942,楊老師很認真與熱心的教學，很貼心的對待學生,1,nan
943,感謝影片播放有標記章節的功能，希望可以快進,1,nan
944,老師講課生動活潑且投入，很喜歡上老師的課！,1,nan
945,老師認真以前為海洋大學的老師,1,nan
946,老師很用心認真，即便不太會的動作也鼓勵嘗試,1,nan
947,老師的教材有點舊了，可否考慮更新一下教材?,-1,nan
948,老師上課活潑又幽默，把枯燥的課上得非常有趣,1,nan
949,老師人很好！依能力分組教學及評分也很公平！,1,nan
950,收穫最多，教學非常認真基礎打得非常扎實,1,nan
951,老師講話有點小聲跟無力建議可以再生動活潑些,-1,nan
952,講解清楚有條理，會帶教具輔助我們了解上課內容,1,nan
953,輔導的案例舉例可以幫助學生對輔導有更深刻的瞭解,1,nan
954,說教到哪就考到哪，結果還不是全考，你是韓國瑜嗎,-1,nan
955,教授說的話的確有用，但有時候真的說太多次了,-1,nan
956,希望教授的教學能在活潑一點，與學生多點互動,-1,nan
957,老師人很好，也很有禮貌不會有明顯的上對下態度,1,nan
958,老師人很好，下課後問老師問題都會很用心解答,1,nan
959,太喜歡老師了能夠以輕鬆的方式講解嚴肅的話題,1,nan
960,上課內容面向多元，且留了許多同學深思的空間,1,nan
961,會希望能在課程中有更多的完整樂曲欣賞,-1,nan
962,針對學生的問題提出實用的建議，改善我的作文技巧,1,nan
963,教授課程清楚明瞭，可以使學生更充分了解到所學知識,1,nan
964,老師有時候會有驚人的言論脫口而出，但很認真在上課,1,nan
965,老師在疫情之間可以考慮到無法入境之陸生，萬分感謝,1,nan
966,老師上課只講他想講的東西，跟考試內容也完全無關,-1,nan
967,不是這些老師在上課實際授課的是外聘講師和助教,0,nan
968,對電影內容有深刻和批判性的講解，讓人聽的很過癮,1,nan
969,這學期教的東西比較難，常常無法理解老師在講什麼,-1,nan
970,教學非常生動也能結合老師本身的經驗收穫良多,1,nan
971,老師認真，會鼓勵沒有基礎的同學多發言，收穫良多,1,nan
972,老師對學生很包容!願意跟學生討論我覺得超棒!,1,nan
973,老師上課都會讓我們有充分的練習也有問必答很棒,1,nan
974,老師人很幽默，上課步調輕鬆愜意，又不會偏離主題,1,nan
975,上課非常認真，投影片也很精美，非常紮實的一堂課,1,nan
976,教學態度認真,1,nan
976,能針對學生疑惑即時反應和修正,1,nan
977,這次因為疫情關係期中考的時間有點不太對....,-1,nan
978,教授非常熱情，且致力於教會每個學生，內容清晰好懂,1,nan
979,很好，是很認真的好老師，常常能讓我有醍醐灌頂之感,1,nan
980,物理有趣，教授也都盡量講的很簡單，讓同學能理解,1,nan
981,老師教學很認真對於同學在報告上的幫助也不餘遺力,1,nan
982,老師很用心教學也蠻關心學生的有學到東西的體育課,1,nan
983,老師可以及時回饋學生的問題，在課堂上課獲益良多,1,nan
984,老師人超好讚讚，但某個助教很機車給分方式有點問題,1,nan
985,線上課程的隨堂作業當日繳交有時會很有壓力,-1,nan
986,系統沒有註明是哪個路線的上課老師，故無法作答,0,nan
987,教學內容有趣且充實，是堂輕鬆但能學到許多東西的通識！,1,nan
988,上課教的跟作業有點落差，學生還是以自學為主來完成作業,-1,nan
989,賴老上課認真，我們收穫很多~恭喜老師升等副教授~,1,nan
990,非常棒又非常認真的老師，希望工資管系的老師都像這樣,1,nan
991,老師教學很好，很用心對待學生，上課沒這麼枯燥乏味,1,nan
992,老師你真的教的很好對我們又很有耐心真的很謝謝您,1,nan
993,老師上課有趣，講得很用心，只是考試有點抓不太到方向,-1,nan
994,建議分組時間可以再提早一點其餘都很好!謝謝老師,-1,nan
995,感覺老師可以做個符號表，蒐集所有課堂會出現的代表係數,-1,nan
996,老師上課真的有點太理論了，感覺無法立即與實務應用連結,-1,nan
997,好課!講解清楚，教師也願意學習新工具並用於遠距教學,1,nan
998,學期中的課程幾乎沒有上傳，對於之後的報告不太有幫助,-1,nan
999,能讓學生了解台南在地，有點花時間不過蠻有意義的課程,1,nan
1000,耐心認真的老師，會用心回覆學生的問題，提供適切的答案,1,nan
1001,把故事變得很生動有趣，讓我除了睡過頭以外都捨不得翹課,1,nan
1002,希望有機會還能在學校上老師的課，老師對學生很有耐心!,1,nan
1003,老師營造出很棒的學習氛圍，是令人收穫豐富的精彩課程,1,nan
1004,老師忘了要上我們的課，所以沒有出現，也說那時沒空上課,-1,nan
1005,老師上課認真，表達方式風趣幽默，營造輕鬆的學習氛圍,1,nan
1006,老師人超有耐心和熱誠，能感受到老師想把所學都交給我們,1,nan
1007,上課閒話太多，影響進度,-1,nan
1007,講授內容含糊不清，不易理解,-1,nan
1008,踏溯臺南對於想更深入了解台南歷史沿革的非常有意義,1,重複
1012,沒必要在四下開這堂課，應該改在四上開，耽誤讀國考的時間,-1,nan
1013,這學期變得比較喜歡敷衍人，對於學生的問題常常草草回答,-1,nan
1014,我無法理解不能請生理假再用冒犯性言語羞辱是幹什麼用的？,-1,nan
1015,老師用很活潑的方式在教導，每星期的體育課都過得非常充實,1,nan
1016,老師上課會認真備課，也很為學生思考，用心回答學生問題,1,nan
1017,老師上課注重學生與不同的對手較量，有些硬，但學習得很快,1,nan
1018,上課講到一半就開始講自己的生活，可以多講一些日文比較好,-1,nan
1019,上課非常認真，教學內容十分有系統,1,nan
1019,耐心回應同學的問題,1,nan
1020,老師上課很認真，線上教學的效果我覺得還不錯，整體課程很棒,1,nan
1021,提供許多有關於課程的影片或電影，理論知識與社會生活結合,1,nan
1022,每一堂老師都不一樣，但課程很有趣,1,nan
1022,重點老師很有耐心教學,1,nan
1023,老師很有耐心，不過好像上課有時候會很喘，要記得多運動喔喔,1,nan
1024,老師非常鼓勵同學開口說英文，也很鼓勵同學之間的小組合作,1,nan
1025,老師非常用心講解每個步驟，讓我們能夠清楚了解怎麼去打好球,1,nan
1026,老師人很好課程輕鬆亦學到很多實用的情緒與壓力管理方法,1,nan
1027,老師認真且鼓勵同學問題，是難得對學生這麼用心的好老師！,1,nan
1028,踏溯台南雖然需要花假日的時間上課，但是也讓我更有機會了解台南,1,nan
1029,私下詢問老師時，老師會耐心的解答問題，讓我能夠充分理解內容,1,nan
1030,老師上課很認真，時常會重複比較困難的部分幫助我們理解，很讚,1,nan
1031,報告對我有幫助,1,特殊符號
1032,老師教學非常認真，隨時注意我們的學習狀況，老師人超好的！,1,nan
1033,都挺好的，但感覺雖然有認真寫作業，考試的時候還是很多不太會,-1,nan
1034,老師上課用心，有時候會抽問同學問題，激發同學們對題目的思考,1,nan
1035,線上補強英文都有課本，大多時間都會自修，沒有詢問老師問題,0,nan
1038,老師經驗豐富，具前輩風範,1,特殊符號
1038,分享內容精彩，收穫良多,1,特殊符號
1039,講義背景調成白色印出來會比較好做筆記，也會比較環保省墨水,-1,nan
1040,考試難易度適中,0,重複 特殊符號
1040,讓我們注意職能的重要性,0,重複 特殊符號
1042,老師認真且多元化教學學長姐的經驗分享課程雖高壓但收穫滿滿,1,nan
1043,老師教學資料太過豐富、加上進度稍快，學生難以吸收,-1,nan
1044,老師介紹內容足以使學生增廣見聞！對於國外震災急救也有新的認識,1,nan
1045,講解清楚，有時候會用比較生動、生活化的方式舉例，有獨特的幽默感,1,nan
1046,深入講解主題，並且在講完主題後有心得報告讓我們再一次了解上課內容,1,nan
1047,老師教學認真，課後也會出自主練習給學生，對待學生的問題很有耐心,1,nan
1048,老師上課認真且會深入淺出，讓大家培養哲學思維，瞭解邏輯建立過程,1,nan
1049,人因是很重要的課，但覺得可以多一點實際運用的例子或是實作練習！,-1,nan
1051,教授能有效落實課程進度，此專業技能仍需由學生主動性的學習,1,nan
1053,老師非常用心、是非常棒的課程！整學期下來讓人學習、成長了很多！,1,nan
1054,就是一堂思辨的課程，但政治立場太明確囉，容易被認為是洗腦的邪教課,-1,nan
1055,是還蠻有趣的對於身為馬來西亞人的我可以看見不一樣的台南與成大,1,nan
1056,佳桂老師對學生十分用心，會關心學生日常，講義及上課講解也十分清楚,1,nan
1057,老師選的文章都很有趣！這學期還有結合桌遊和哲學的課程，真的很用心,1,nan
1058,老師教我們怎麼聯想背藥名，非常有幫助,1,nan
1058,謝謝老師這學期的教導！,0,nan
1059,老師的聲音斷句使得一句話不完整，容易在聽的過程中不知道在講甚麼,-1,nan
1060,老師上課鼓勵我們用英文對話，並穿插有趣的對話，可以學習用英文溝通,1,nan
1061,老師上課的邏輯讓人聽得很舒適，即使被當，我可能還是會再修你的課,1,nan
1063,能針對學生的問題解決，並帶有熱忱與學生討論，整體課程非常優質，謝謝,1,nan
1064,有點教太快了尤其是後面比較難的部分常常還沒理解完就跳到下一個地方,-1,nan
1065,喜歡老師幽默輕鬆的上課方式，也會有很多影片，對愛爾蘭有更多認識,1,nan
1066,老師就是個認真可愛的老師，也希望之後在產兒領域可以更了解老師！！,1,nan
1067,維淑老師對學生的問題很重視，講課時只要學生都問題都會解釋到懂，超棒！,1,去識別
1068,沒有之前沒有線上課程時老師的聲音都很小聲但是變線上後就好的非常多,0,難判斷
1069,老師講課速度時常忽快忽慢停頓很久去年的本課程當了近三分之二的人,-1,nan
1070,老師上課很有趣，很常講很好笑的話雖然大家都不笑害我不敢笑，怕尷尬,1,特殊符號
1071,老師上課很用心認真，不過個人報告真的太多次了QQ，覺得負擔有點太大,-1,nan
1072,老師上課很用心，雖然後期用線上方式進行，但老師還是很努力的講解上課！,1,nan
1073,上課內容有趣，不過課程的安排上可能要需要考慮難度，漸進式的讓課程深入,-1,nan
1074,上課內容其實很豐富但是教學方向散亂難以聚焦,-1,需斷句
1074,作業多樣化很有趣,1,需斷句
1075,熱心教學、態度認真，課程安排非常生動切合生活需要，評量方式適切且公平,1,nan
1076,老師上課十分認真，認真對待所有同學的問題，也會針對每個同學指導細節動作,1,nan
1077,教學內容與上學期的老師不少地方重複，又沒有比較深入,-1,nan
1077,整體而言很不深入,-1,nan
1078,很認真負責的準備滿滿的筆記被偷看到，上課也非常清楚且幽默，吸收良多,1,nan
1079,老師教學有趣，而且考試內容皆為課堂所教或習題所勾，準備起來不會很吃力,1,nan
1080,老師上課前對課程的講解雖然很簡單但是很清楚，也常常會教授正確的健身資訊,1,nan
1081,有些講者分享的跟這堂課好像沒什麼關係，攝影工作坊佔用整個假日覺得太久了,-1,nan
1082,老師很認真，但對我來說這個運動還是有點難，有時候練習效果就不會太好,-1,nan
1083,助教很爛：擅自不錄影作業延遲發佈不公佈期末日期不公平的缺席扣分制度,-1,nan
1084,老師很好，很用心，不過作業的description希望能更仔細明確的說明,-1,需斷句
1085,部分程式作業太難，且給分太低,-1,nan
1085,若能給予上課PPT將使學習更方便,-1,建議
1086,課堂人數多，老師無法了解所有學生學習狀況，故較難調整進度，但步驟不算快,-1,nan
1087,結合社會科學與數據科學，課程的進度安排可再掌握一下，但是是有展望性的課程,-1,難判斷
1088,老師會重複講一些比較難的地方，以確保學生有聽懂,1,nan
1088,很喜歡這種教學方式,1,nan
1089,老師對於口說能力非常要求，但在糾正學生的發音時非常有耐心，也非常歡迎學生發問,1,nan
1090,老師上課很認真，但是希望moodle的公告事項字可以少一點，否則會漏掉重點,-1,nan
1091,因為我比較跟不上進度常常需要重複問同一種打球方式很多次但老師仍耐心教學,1,nan
1092,老師上課講解清楚，有助於理解文法,1,nan
1092,口音標準，有助於養成正確的發音,1,nan
1093,老師非常認真，上課都會提早到教室準備,1,nan
1093,不過考試進度一次都好幾章，很難準備,-1,nan
1094,我認為授課老師非常熱心教學及鼓勵學生學習,1,重複
1094,教學方式能激發我的思考及成長,1,重複
1097,刺激學生去從不同角度思考事情，受益良多希望未來可以多開原住民相關課程或是學程,1,nan
1098,老師授課採用錄影教學，之後課程由同學報告，要求同學提問時並回答同學誤解的觀點,1,nan
1099,老師的課程很充實，謝謝老師,1,nan
1099,上課有時速度會太快，會沒有時間消化課堂的內容,-1,nan
1100,老師很友善，對我們問的問題都很認真回答另外我也很喜歡課堂上請學長姊來教一些技巧,1,nan
1101,感覺比較偏向解題式的教學，不過透過例子確實能比較好理解情境，老師這學期辛苦了,1,難判斷
1102,從老師的教學方式能感受得到老師對文學的了解和熱愛，我也學到了很多文學分析的要點,1,nan
1103,除了上課以外，還有讓同學小組討論和發表成果，有效提升我們的學習成效，也更有趣！,1,nan
1104,我覺得老師分組的方式很棒，這樣文組的同學才不會覺得太困難，因為都可以互相幫忙,1,nan
1105,老師相當認真，也很替學生著想，會用影片及講解並行的方式教授內容，線上課程也很棒,1,nan
1106,老師上課用心，常常讓我們能夠深刻了課堂內容，偶爾玩些小遊戲刺激同學們上課慾望,1,nan
1107,雖然鼓勵同學們回答，不過同學們講到一半就會被打斷，不過還是一個很認真的老師,-1,難判斷
1108,老師請的講者都是新進的助理教授，能夠透過他們的分享了解到新的研究趨勢這點很棒,1,nan
1109,老師這次因為是線上教學，少了與學生在現場互動的時間導致教學有點快，會來不及抄筆記,-1,nan
1110,基本上照ppt唸，但會又很多有趣的補充知識與時事更新~~也非常樂意回答學生問題,1,難判斷
1111,老師在課堂上鼓勵我們討論和說英文，上了一學期的課，我變得更有勇氣在眾人面前說英文,1,nan
1112,老師用心講，也常常以圍棋的變化來提醒我們要注意周遭環境的事物，常常深入思考,1,特殊符號
1113,助教和老師們都很照顧大家，是很喜歡的一門課，希望下學期可以再開，這學期真的學到很多!,1,nan
1114,老師講很多跟科學有關的原理應用跟小故事，上課氛圍很輕鬆，不會有壓力，也能學到新的東西,1,nan
1115,我覺得服務學習的通識課很有意義，對於社會能有貢獻，同時也學到了很多團隊合作的東西,1,nan
1116,老師超級棒超級好，為了和我們多分享傳統戲曲，每節課都會帶一些道具或影片讓我們欣賞,1,nan
1117,有用很多方面來探討相關議題和事件，其中還有鼓勵同學討論來互動教學，很用心的老師！,1,nan
1118,對於每堂課都很用心，但希望報告可以不要太多，因為會很難跟同學喬出一個大家都有空的時間,-1,nan
1119,超棒derrrrrrrrrrrrrrrrrrrrrrrrrrrrrrrrrrrrrr,100,沒有參考性
1120,老師基礎方面教太快現在進階部分學習上就比較困難感覺把學生都當成語言天才教的有點難,-1,nan
1121,讓我們親身體驗救災時的步驟和辛苦，用走出教室的方式讓大家更熱於學習相關知識，超棒！！,1,nan
1122,繼第二學期跟著老師學日文，很感謝老師都會跟以學生的角度與我們溝通，知道我們的困難處,1,nan
1123,老師循序漸進的教學方式能幫助學生容易進入課程，也較無壓力和負擔，卻能吸收課程內容,1,nan
1124,老師上課講的藝術歷史滿有趣的，我覺得可以更著重在有關台灣的部分，那部份我聽得特別認真,1,建議
1125,有些肌肉以前不太了解，上了課之後學到特別是梨狀肌的拉筋，真的對打完球痠痛的緩解很有效,1,nan
1126,上課內容紮實，但希望平均分配上課步調債務不履行可以多花一點時間講，感覺前面拖太久,-1,nan
1127,超棒derrrrrrrrrrrrrrrrrrrrrrrrrrrrrrrrrrrrrrr,100,重複，沒有參考性
1128,能感受到老師十分用心的準備教材，上課的每分每秒都不虛度，讓學生透過多種管道精進英文能力,1,nan
1129,老師的口音有時候讓人感覺比學生還不標準，有時候表達較不清楚，學生會不知道老師要的是什麼,-1,nan
1130,老師上課非常認真，用心教學，因為是泰國人所以更能了解泰國的文化、用語，學到最道地的泰文,1,nan
1131,老師隨時注意學生學習狀況而調整進度,1,特殊符號
1131,結合詩、音樂等額外資源讓學生更認識客家文化,1,特殊符號
1132,老師的課程影片真的非常非常非常的棒，比看課本更有助於學習，建議以後課堂都要錄下來,1,特殊符號
1133,老師教學用心，態度認真，也會反覆示範教學動作,1,nan
1133,但打太極的時候聽節奏快的音樂還是有點不搭XD,1,nan
1134,不單單只上課本內容，還會準備很多講義補充,1,特殊符號
1134,隨機抽問讓每個人都有發言機會，訓練口說,1,特殊符號
1135,感受到會計師和律師對同樣是證交法，但探討的面向滿不同的律師學長閒話家常的時候很有親近感,1,nan
1136,超喜歡上老師的課~雖然內容有點多有點硬，但是老師人超好而且講超好，都快變老師的迷妹了~~,1,nan
1137,教授的時間控管上不是很好，前面的部分都會上很久，然後最後的重點來不及就會快速的草率的帶過,-1,nan
1138,老師是一位很善良的人，也很了解學生的需求，並提供許多的加分機會讓我們爭取，真的很謝謝她,1,nan
1139,下課去問老師課外問題老師也都很認真的解答∼謝謝老師！平常上課也都很認真，還會準時上下課！,1,nan
1140,上課內容非常豐富，也鼓勵我們討論和舉手發言看法，有效訓練我們面對相關事物時的緊急處理應變,1,nan
1141,表達不太清楚，有些地方會停頓，沒辦法連貫,-1,特殊符號
1141,有些地方教太快，而且沒有整理，很難吸收,-1,特殊符號
1142,內容充實，讓非生科類科系的學生也能了解諾貝爾生醫獎與生命科學生物科技，有助學生學習,1,nan
1143,所有的課裡面最喜歡的，雖然有時負擔蠻重壓力蠻大的，但可以感覺到自己在扎實的訓練下有在進步,1,nan
1144,老師的說話方式較沒有起伏音調，一不小心就會打瞌睡…，但上課偶爾會用幽默的方式讓學生提振精神,-1,nan
1145,上課節奏很快，雖然有錄影可以再拉回去看，只是學生往往沒有那麼多時間，很難跟上老師上課的速度,-1,nan
1146,我認為教授在作業上的要求雖然會讓loading變大，但是確實對於授課內容能有更清楚的了解！,1,難判斷
1147,恩...我分不出來哪個老師是哪個，但至少我認為踏朔台南很有趣也讓我知道更多有關台南的故事,1,需斷句
1148,未出席一堂課，直接當掉，認真聽講拍照回答問題也很喜歡踏溯台南的我覺得彈性有待加強,-1,難判斷
1149,報告可以給一點回饋講評，報告形式可以讓大家選擇要兩個人分別報告同一主題或是兩人一起報告同一主題,-1,建議
1150,課外加分作業提供的電影名單有些類型都是驚悚片或是暴力的，會不敢看，可否增添比較溫和類型的電影,-1,建議
1151,這學期的專題內容非常豐富且扎實，老師透過讓我們參加比賽的方式讓我從過程中鍛鍊自己，非常有意義,1,nan
1152,老師非常認真，但希望檢討實驗報告的部分可以在實驗中的等待步驟進行，才可以掌控好實驗進行的時間,-1,建議
1153,期中期末報告的主題很彈性，能自由地談論自己想說的議題，老師也很用心地回復，個人很喜歡這點,1,特殊符號
1154,期中筆試過度著重細節，反而忽略重要的大概念，彷彿訓練學生成為編譯器，而非有程式邏輯思維的撰寫者,-1,nan
1155,很喜歡老師上課時與學生討論的風格，雖然明顯有些同學無法接受，但老師依舊能保有一貫的冷靜去面對,1,難判斷
1156,老師相當用心，而且還有指派一些加分的功課，讓我們學的很多也讓我們的努力付出，直接顯示在成績上,1,nan
1157,老師很認真，除了課程內容外也會解釋一些時事，可惜課堂時間不夠，有些東西會被比較快而簡略的帶過,-1,難判斷
1158,上課給予的資訊太多，作業也太多，導致需要很多時間消化這些資訊,-1,nan
1158,一直改變上課方式，造成學生困擾,-1,nan
1159,會帶領我們討論、質疑問題，有效訓練思維邏輯,1,特殊符號
1159,請到的講師對專業主題了解很深，提供有用資訊,1,特殊符號
1160,感謝老師這學期的教導，老師看門通識課讓我學到了許多東西，對世界又有新的看法,1,重複
1160,那我們有緣再見喲~~,0,重複
1162,面對學生的疑問，循循善誘，啟發學生自己找到答案,1,nan
1162,常用日常生活的例子去解釋一個難以理解的現象,1,nan
1163,老師的政治立場有點明顯XD我自己是沒差但是其他人我不確定會怎樣啦,-1,nan
1163,期中考卷也沒有發，不太妥當啊啊,-1,nan
1164,本身對於背不是很在行，對這一門課有些吃力，但老師很用心的在講解每個章節，且考試也都不會太為難學生,1,nan
1165,謝謝老師用心的教學與分享，覺得這是一堂很好的課，雖然有時候我會不小心睡著，但真的覺得上課的內容很棒!,1,nan
1166,老師教得非常用心也很盡責上課的時候也十分生動有趣而且助教也很負責不過也讓我學到很多寶貴的知識,1,nan
1167,以前沒有養成看新聞的習慣，上了課以後有了解到一些原來社會上是有人在為大眾的權益發聲這點，感覺挺好的,1,nan
1168,這門課有各式各樣的講師來演講，讓我可以聽到不同領域專業的人士，對於不同事件的看法與解析，激發我思考,1,nan
1169,老師提供的問題意識觀點，十分切合法律應有的素養，希冀有朝一日您能開更多的課程，造福更多莘莘學子!!,1,nan
1170,老師很用心看待學生問題，也提供很多補充資源，雖然這學期因為疫情而上得有點趕，但整體學習還是很充實的,1,難判斷
1171,對於報告給分數的高低，不太確定老師是怎樣判斷給出成績的，希望老師之後可以講明應該要寫到什麼才能分數高,-1,建議
1172,舉許多相關例子作為教學輔助，這方面對於學習有些許幫助,1,nan
1172,但有時會覺得過度舉例，而浪費一些不必要的時間,-1,nan
1173,老師會有小考跟作業，除了敦促我們平常就要複習外，後來還新增加分作業，都是希望我們成績更好，我覺得很棒,1,nan
1174,老師超級認真，從備課、考試、報告、改作業都很用心，STATA也講的很清楚，覺得能修到老師的課很幸運！,1,nan
1175,老師不要灰心，雖然同學們不太直接回答問題，但以舉手的方式來看，回應的情況比起其他課已經是有比較踴躍的,0,nan
1176,聽不太懂老師上課在講什麼，考試又考很難，一年比一年還難，到底想怎樣，第一次小考線上考試1小時50題太難了,-1,nan
1177,雖然我筆試成績不好，但是的確學到很多，包括運用也有限元素分析軟體等...老師認真幽默風趣值得的一堂課,1,nan
1178,考試題目難度太高，導致大家挫折感很大，到後來就不願意下功夫，考試難度太高也不容易辨別到底誰讀書了誰沒有,-1,nan
1179,有時會忽略同學在zoom上的提問,-1,特殊符號
1179,之前公告說zoom有資安風險要換軟體，但到學期末仍繼續使用,-1,特殊符號
1180,建議像講解一些比較複雜的內容或步驟可以加上文字，這樣學生回家複習如果忘記怎麼做的時候就可以按照文字去做,-1,建議
1181,老師對於學生的提問都很有耐心，在講述較為抽象、複雜的觀念時，能夠適時舉例，加以說明，引導學生理解,1,nan
1182,其中一張PPT，圖片秀出的明顯是紅隼，但老師一直說那是一隻遊隼,-1,特殊符號
1182,考試純考死背公式，對於學習意義不大,-1,特殊符號
1183,雖然這學期後半多是線上同步直播課程，但老師授課這真的十分的用心，比較可惜沒有辦法參與到老師用心準備的小考,1,nan
1184,教學熱情講解清楚關心同學理論實作合宜測驗方式有趣清楚漸進式養成學生運動習慣收穫非常大的體育課,1,nan
1185,老師的教學不只侷限於教室，還有實際參觀，我覺得這樣的方式很棒！另外老師也很有教學熱忱，內容也很充實有趣！,1,nan
1186,老師用心備課,1,特殊符號
1186,教學進度很好，不會一次教太多，有確認學生有聽懂才會繼續,1,特殊符號
1186,學生問問題老師都會耐心解答,1,特殊符號
1187,評分方式與期初的規定大相逕庭，就我所知在某社群平台的校版上，就至少有兩篇以上文章對於這學期分數普遍過低的討論,-1,nan
1188,老師詳細的解說微積分的理論，同時也用許多例題使我們更加熟悉，此外，也會開設線上會議，幫我們解決較有疑惑的概念,1,nan
1189,老師的課程和講義都準備得很用心，謝謝老師提供這堂課給非電資學院的學生，讓大家有機會去了解基礎的程式語言邏輯！,1,nan
1190,期中考開書考考題為課本後面習題，且一字未改，導致部分同學直接抄課本答案作為試卷答案，對於認真上課之同學不太公平,-1,nan
1191,老師講解非常清楚，課程評分方式公平，使學生有效把C++融會貫通,1,需斷句
1191,只是希望qt的講解可以多一些，新手上手不容易,-1,需斷句
1192,老師會用有趣的方式帶我們了解愛爾蘭歷史與文化，不單單只是說講義上的資料，還有給我們看許多好看的影片，很棒很贊！,1,nan
1193,老師教導課程內容的十分艱澀，但很鼓勵我們問問題，也許測量學對我來說依舊很困難，但老師未曾忽視我們的每一個問題！,1,nan
1194,老師教的很好重點會反覆出現有助於學生記憶期中的影片報告十分有趣會激發學生學習的慾望也能讓我們運用所學,1,nan
1195,適時調整教學進度,1,特殊符號
1195,考試有助複習,1,特殊符號
1195,評量方式公平,1,特殊符號
1195,無額外指定閱讀,0,特殊符號
1195,無性別歧視,0,特殊符號
1196,謝謝老師在miniwrapup提供的意見無論是查找資料或是報告內容，非常受用！進臨床後，會謹記在心!,1,nan
1197,講解機轉的時候，有時候反應為甚麼會發生或電子轉移的動力是甚麼沒有講清楚，前因後果不清楚，然後咬字不太清晰聲音太小,-1,nan
1198,期中考的方式很新穎，一開始會非常不習慣，但認真準備過後，發現它可以快速地學到流利的語調，這和以往的學習方式不同,1,nan
1200,助教期中評分方式應做調整，希望助教在改題時可著重計算過程是否正確，而逐步給分，而不是答案錯誤就整題都不給分,-1,建議
1201,雖然因為要補課所以晚下課很正常，但是補的時間早就超過應該上課的時間了卻還是一直上，導致接下來有課的同學來不及吃午餐,-1,nan
1202,教材的選用不太好，還處在基礎課程的階段，應該多著重於表格式有系統的統整文法及單字的教材，而非一味追求使用進口教材,-1,nan
1203,經常要學生比賽，增加學生壓力，也對於技術較差的同學不公平和吃力,-1,nan
1203,作業的要求在學生繳交後才說明，又屢次提前繳交截止時間,-1,nan
1204,老師教學很有活力有熱忱,1,特殊符號 斷句
1204,小考評量方式對助教來說方便快速但公平性不足，一樣是與題目計算完整度不成正比,-1,特殊符號 斷句
1205,教學內容紮實，講解清晰易懂，舉例幫助熟練內容課堂進度安排適切，有足夠時間吸收理解課堂內容希望還是可以有中間下課,1,nan
1206,老師真的是天使，上完這堂課有學到東西、負擔也不會太重，要不是老師下學期沒有授課，我一定會拉外系的學弟妹來修這堂課的,1,nan
1209,老師超讚的，雖然我常常動作跟不上，但是我感覺老師都蠻注意大家的狀況！有小考的話，我是會用影片當作我每天運動的項目！！,1,nan
1210,老師教學態度嚴謹且認真，不僅對於專業上有很好的知識傳授雖然常進度落後，且對學生十分關心，是位用心而令人讚賞的老師！,1,nan
1211,講高斯光束時特別針對了女性的腰身，我認為這種言論有歧視女性之嫌疑,-1,難判斷
1211,助教的爭議也很多，但老師上課認真，是門能受益良多隻課程,-1,難判斷
1212,老師準備的知識量多且與臨床比較相關，在講解時會不時穿插理論機制的介紹,-1,nan
1212,不過，似乎有越講越快的傾向，澆熄了學生學習的熱忱,-1,nan
1215,教授教學認真，上課幽默風趣，從上課能感受到老師對機械的專業，尤其是齒輪,1,nan
1215,老實說這輩子能上過藍教授的機動學三次真的值得了,1,nan
1216,非常好的老師，上課內容十分豐富，其對文學的深入暸解令人欽佩,1,nan
1216,期待學校能持續與夏教授合作，也期待下學期能再修到他的其他課！,1,nan
1217,老師上課認真，並且都會複習上週內容,1,建議
1217,但是希望老師不要一次期末考占比80%，這樣一次考試定生死，學生壓力會比較大,-1,建議
1220,我是外系同學∼謝謝老師每一次上課都很有耐心的回答我的問題也講解得非常清楚有條理非常喜歡老師的課∼謝謝老師這學期的教導！！！,1,nan
1221,1、希望上課時間可以掌控好，不會每次都拖課和補課2、期中考時間可以跟隨電機系，才不會導致2、3次考試都擠在6月，減少學習成效,-1,建議
1222,老師教得很好，充滿活力，錄影品質很好聲音清晰，不像有些課的聲音很糊,1,nan
1222,只是作業三被助教弄得亂七八糟造成學生理解和完成上的困難,-1,nan
1223,因疫情關係，可惜大多僅能觀看錄影，較無法與講者交流,-1,建議
1223,若有更具實務操作主題就太棒了，例如：各研究領域較適用何種研究方法？,0,建議
1224,這個爛課完全沒有意義，建議趕緊廢除，不但要冒著病毒的風險，又要在假日且炎熱的天氣學習這些無聊無用的東西，這種課還有存在的意義嗎?,-1,重複
1226,老師的知識量與表達能力皆是校內數一數二的,1,建議
1226,帶領全班參與期末展覽籤詩製作的課程很有趣,1,建議
1226,希望老師維持目前的授課方式與幽默感,0,建議
1227,皓騰老師總是十分用心對待每組的作品，和老師討論時總可以獲得許多建議，也能感受到老師頓我們的期許，不過有時候不太明白老師的評分標準,-1,難判斷
1228,由於本學期因應疫情課程有了很大的調整導致需要學生利用假日配合若沒有去會被扣分這樣有損同學權益改為線上教學的品質也不是太好很可惜,-1,nan
1229,由於疫情的關係，上課次數不多，但老師邀請演講者都有聽，演講的內容也很好，老師課堂也會補充許多小故事，對於事物的理解有更多方向的看待,1,nan
1230,教學過於制式化，對於自己所要教學的課程內容沒有連貫性，甚至會讓學生有不知道老師在做什麼的反應，建議老師能在美學課程的規劃上更加精進,-1,建議
1231,希望課程中能有更多的例題或是程式碼的講解，對於應用較有幫助，課堂上多著墨於理論推導而較少實際操作方面的作業或是講解，實屬可惜,-1,建議
1232,教學內容充實但到學期中後段可能因為進度壓力而越上越快，難以好好了解造成囫圇吞棗的情況，希望老師能平均分配教學進度，以免有種頭重腳輕之感,-1,建議
1233,老師曾說過教到哪裡考到哪裡，但期中考卻出了五六題超出他所教的範圍，並且不予加分，覺得老師不履行自己的承諾這一點非常不妥當,-1,建議
1233,希望老師能改進,-1,建議
1234,真的很快，還沒抄完黑板老師開始講了，聽了沒法抄抄了沒法聽，新東西又要花時間理解，所以最後都變成上課去抄筆記，回去後才是看筆記看課本自己讀,-1,nan
1235,老師上課認真常常補充很多資料給我們由其是讓我們做共筆我認為是這堂課很扎實的功課因為行政法繁複沉重有了共筆的整理複習起來比較方便,1,nan
1236,日式英文，有點吃力,-1,沒有參考性
1237,教得有點太快了,-1,難判斷
1237,理論證明有些交給學生做卻不給答案讓人讀起來沒有很踏實,-1,難判斷
1237,不過除此之外老師人很好而且教得也很認真，還是推薦學弟妹來上這堂課的！,1,難判斷
1238,老師在上課前叫我們回去預習，這是可以理解的,0,nan
1238,但是，總不能對於課本當中的內容幾乎都不進行解釋，隔週就抽問學生，或是直接進入到討論問題的階段吧！,-1,nan
1239,老師超用心,1,沒有參考性
1239,常跟學生互動,1,沒有參考性
1239,完全是這樣,0,沒有參考性
1240,踏溯台南就是一次次的小小戶外教學，打發時間的課程，但還是能多多少少增進一點對台南的認識，帶隊老師都很認真講解，在這種大熱天，你我都辛苦了,1,重複
1242,上課一直要外籍學生舉例這點真的很不能接受，而且非常浪費時間呦，老師可以自己說明的話請你自己說清楚，不然要學生回答解釋還是讓其他同學很不清楚,-1,nan
1243,應用性還好,0,沒有參考性
1243,沒有特別的幫助,0,沒有參考性
1243,沒有特別的幫助,0,沒有參考性
1244,教材內容豐富，對非醫學系學生而言是接觸不到的專業知識，對我很有吸引力,1,建議
1244,但點名因為學生眾多且教室非常大，佔據了過多時間，建議可採用刷卡的方式,-1,建議
1245,老師人很好，就算我們每次都忘記動作也會不厭其煩地再教一次，使我從以前對於橄欖球一竅不通的人變成能夠略懂一二，而且如果太陽太大也會讓我們輕鬆一點,1,nan
1246,老師很熱情邀請各方專家來演講，因為今年疫情的關係改為線上上課，除了一、兩次的突發狀況之外，其他的線上上課效果皆不錯,1,難判斷
1246,不過心得的批改分數偏低,-1,難判斷
1247,上課內容非常龐雜，脈絡感覺沒有經過整理，而且前後的難度跳太快，應該要漸進式,-1,nan
1247,對於小組的評判標準也非常不合理，報告所需要的元素跟規定都不清楚,-1,nan
1248,教授的上課內容很活化，提點了台灣文學的重要性，讓我重新思考在中文系的定位，也很喜歡聽教授講的故事，豐富的人生歷練結合課堂內容，讓學生耳目一新,1,nan
1249,我覺得這堂課真的蠻累，平常課業繁忙還要抽空花整天到半天的時間到處走來走去，尤其是石在有趣那個，如果並非地質系相關的科系，一般人應該也不太會感興趣,-1,nan
1250,常常同一個主題講許多次，而每次內容皆不盡相同,-1,nan
1250,"分組專題報告，並不會在學期初就講明要做甚麼，而是每一次的Deadline前才""稍微""說明",-1,nan
1251,老師準備的教材不是很難，而且有些以前學過的東西也會慢慢教，不會像大部分的老師，覺得我們以前學過了就跳過該部分,1,nan
1251,上課會很努力地問問題、跟學生互動,1,nan
1252,老師初次授課便有極高的品質，我認為是難能可貴的教學成果,1,nan
1252,在醫學院中能有這樣讓學生恣意分享宗教與生活信仰經驗的管道，我全力支持老師繼續開課,1,nan
1253,這學期老師的字感覺偏小，有點擠在一團，所以偶爾會看不懂在寫什麼，含有感覺因為少一周，所以整個課程都上的很趕、倉促，建議直接加課，感覺品質會比較好,-1,nan
1256,跟朋友一起修課是很棒的事，就像戶外教學一樣，而且有解說老師，使我們可以對於景點有更深入的了解，而不是只看到表面的樣子，或是忽略了真正有意義的東西,1,nan
1257,每一節課都有來自不同戲劇領域的講師進行演講，讓我們能了解各種劇場以及戲劇，還可以欣賞很多不同的戲劇，在上課時也有互動，讓上課變成是一件很有趣的事,1,nan
1258,老師有些內容，像是介紹各種曲，希望能更明確清楚，有時光靠感覺，若學生功力不夠、感觸不深，很難光靠感覺去體會曲境，但老師真的很認真非常具有熱忱,-1,nan
1259,老師真的很認真，雖然很多同學上課沒有反應，但希望老師不要難過，還是有很多認真上課，很喜歡老師的學生的,1,nan
1259,不只是功課問題，跟老師講話總是很開心,1,nan
1261,不同教授專題難易度差異太大，有些教授甚少meeting，到下學期才開始正式做題目，卻能有一樣的評分基準，建議之後在專題一就要做一次檢驗，並平衡難易度,-1,nan
1262,洪老師非常注重和同學的互動和討論，但是關於課堂上的課題講解反而沒有講得那麼完全，我覺得比起不斷詢問學生有沒有問題，過於鼓勵同學發言反而會影響課堂情況,-1,去識別，建議
1263,不知道老師可不可以有系統的講義或是pot，不然每次一張一張很容易順序亂掉，或是有統一的課本，不然同學家裡有事請假，下次回來會完全跟不上，這門課不太好念,-1,建議
1265,老師有時會忘記自己給的作業之前一次要大家自己找一篇額外的論文，讀完後跟大家報告，但老師忘記了，而當天有很多人沒做這項作業，這樣對有做的人蠻不公平的,-1,nan
1276,上課與學生互動少，難以確認學生理解狀況,-1,nan
1276,期中考考卷助教給分標準不一，有人算錯仍然沒被扣分給分與計算完整程度不成正比且標準因人而異,-1,nan
1277,越和老師討論實習的種種，越覺得慶幸在實習的時候是老師的小組,1,nan
1277,雖然實習realshock真的不小，但有老師在就覺得好安心,1,nan
1277,謝謝老師這個學期對我們的教學和付出！,1,nan
1278,有幾位請來的老師其實蠻混的，例如生化所吳老師，大概有一個多小時都在放影片,-1,去識別，難判斷
1278,然後許老師的報告有點來的措手不及，可以再提前告知,-1,去識別，難判斷
1278,藥廠的吳老師很棒，講解也蠻清楚!!,1,去識別，難判斷
1279,對於老師期末考前一天下架上課影片，還是會小小的希望老師能告知下架時間，因為這次包括學生在內的許多同學是正在進行考前複習卻中途突然斷線，事後發現是因影片消失的緣故,-1,建議
1280,教學方式死板、陳腐、老舊，照本宣科的讀著PPT，無法使同學有效吸收內容,-1,nan
1280,評分方式極為不適當，每週小考但占分比例極低,-1,nan
1280,考試內容乃填鴨式教育之表現，未能評量學生學習效果,-1,nan
1281,每周指派作業以讓學生跟上進度確實是一個良方，但每周為了指派作業而不斷加大指派範圍，以及越到期末越變本加厲地催趕進度，對於學生除了是一種負擔，對於學習成效似乎有待觀察,-1,nan
1282,我覺得這堂課的老師教了非常多的東西，如果有基礎的學生吸收較快但她上課不太有時間給學生自我練習我自己到後期是靠自學如果能好好做回家作業並上網搜尋相關資源會進步比較快,1,建議，難判斷
1283,老師上課用心，而且上得很好，回答學生問題也很用心，但是我的成績不是很好，希望老師可以出一些作業或上課的題目，讓我們有基本分，整體而言還是收穫很多，謝謝老師這學期的教導,1,建議
1284,期中作業十分有意義,1,nan
1284,講解時會舉很多平易近人的例子,1,nan
1284,讓我們學習到許多數位人文相關的工具,1,nan
1284,使同學們可以思考數位人文研究的前景,1,nan
1284,邀請學者來課堂上演講,0,nan
1285,希望老師時間管理可以再好一點，例如第一節課就可以進入故事重點，不然很多時候都變成第二節甚至第三節課才趕著說，會有點意猶未盡的感覺想聽老師說更多有關青少年小說的內容,-1,建議
1286,注意學生反應,0,沒有參考性
1286,用心對待問題,1,沒有參考性
1286,報告有助於學習,1,沒有參考性
1286,評量方式適切,1,沒有參考性
1286,能激發思考,1,沒有參考性
1287,雖然對每家詞人的生平、詞作、評論等皆有著墨，但在講解時多劃分為一個個小區塊，整體上難以將全部連貫起來，相較之下缺乏一個大框架，所以導致資訊有些零碎，造成學生學習上的一種困難,-1,nan
1288,教授的板書過於潦草，常常看不懂教授想要表達的東西，就是整個黑板上都是拉線跟畫圈圈，讓人很疑惑,-1,nan
1288,再加上上課常常說到一些無關緊要的話，或是從第一堂課說到的東西重複到最後一堂課,-1,nan
1289,很喜歡老師上課的模式，之前也有修過老師另外一門通識課，對於老師上課內容也很感興趣，那老師的PPT也做的很精美，很吸引注意力，納在上課過程中所放的每一部影片都很值得讓人深思,1,nan
1290,Moodle真的太亂，資訊傳達不太清楚雖然老師很強調討論和傾聽，但老師的思維還是有點自說自話，有點像是強硬的把自己的觀點放在學生身上，沒到真正的站在不同人的立場去理解事情,-1,nan
1291,我覺得老師雖然用心，但是太過嚴！功課報告又太集中！遲交功課又完全不通融！重點報告實在太多，對于一點小錯誤就完全打0分！我們不是只有口訓要上，還有其他課，太多作業實在負荷不了！,-1,nan
1293,沒錯程式需要看舉例比較明白,0,nan
1293,對老師會線上回答,0,nan
1293,恩恩畢竟老師是這方面的專家,0,nan
1294,老師上課是用自己準備的講義，以通識課程來說，內容太艱澀專業，比較像是醫學院的必修課程，且老師兩堂課中間不下課，一講就是兩小時，對於我們非中藥專業的學生來說，實際上沒學到什麼東西,-1,nan
1295,老師上課態度認真、準備充分、且願意與學生討論教學方針實為不易，唯一缺點是提問列入計分有點太刻意，建議提問做為加分選項更為適當，讓有成績壓力的人能舒緩之時，其他人也不至於損失分數,-1,建議
1296,老師不僅平時要大家自主運動，也會在課堂上教許多方式以讓同學們學到規律運動的方式，所以這學期我為了讓自己的身體維持健康，平時都開始規律運動，讓作息變正常，每天的精神都很好,1,nan
1297,希望可以改善座位的問題，第一堂課座位數遠少於選課人數，而且教室的空間還沒辦法讓人站著聽課,-1,重複
1297,相關教師對於此事是完全不處理的，每個老師都把此事丟給其他老師，對於生科系的印象有些許的不佳,-1,重複
1299,老師的實務真的講解的很精闢，很用心準備還有競技場也是很好的實作，從這門課獲得不少四年來很少接觸的實務，很高興助教很負責也很用心解答，謝謝你們唯獨理論的部分有時會比較快一點,1,nan
1300,教學內容完全沒重點，所有都是自己上網找答案,-1,nan
1300,PPT不要用藍底白字!眼睛看得很不舒服,-1,nan
1300,回家作業太多，繳交時間太快,-1,nan
1300,只有最後一堂課的內容才是重點,0,nan
1300,守信用，說考哪裡就考哪裡,1,nan
1301,老師很認真在上課！individualconference的時候也相當用心，對每篇作業的feedback都很詳細，讓我學到很多東西,1,nan
1301,老師也是我的導師，很關心學生狀況，對導生也很好,1,nan
1302,老師上課很用心，能舉許多案例，對於引起睡覺的同學的注意力也是非常努力,-1,難判斷，建議
1302,另外，建議老師未來都可將上課內容錄製上傳至moodle，因為有時候一整堂課的資訊量很多，需要回家配合影片再複習一次,-1,難判斷，建議
1303,上課講解仔細，教學方式有系統，補充資料句型有幫助,1,難判斷，建議
1303,常常讓點同學回答問題，或是讓同學之間互項練習對話，都很有助於語言得學習,1,難判斷，建議
1303,非常喜歡這堂課,1,難判斷，建議
1303,建議有時候上課步調進度可以再快一點,-1,難判斷，建議
1304,這學期改2次段考份量真的太大...期中考如果分2部分的話學生成績可能比較能提高,-1,nan
1304,雖然有調過成績比例但依然會覺得就只因為這次肺炎關係有點不公平...,-1,nan
1304,2段考的份量真的無法一次讀完且容易忘記,-1,nan
1306,老師在教學上很用心，很多事都親力親為像是課輔XD，教學方式也很有個人風格，雖然剛開始有點跟不太上，但習慣以後覺得這樣的方式也滿有趣的，而且老師在課堂上舉的例子很多，也很易懂，很謝謝老師！,1,nan
1307,在前半學期的時間，每個星期的口頭報告可以讓我們維持一定的進度，同時也可以參考其他組別的策略及設計，而後半學期因考慮到要加工而停止報告，我覺得這樣的教學模式是很好的，不會拖到最後一刻才趕報告,1,nan
1308,paper的報告偏硬，希望未來老師除了要我們報告之外，也可以稍微解釋paper的內容以及其觀念上的重要性，因為以學生的能力其實也不一定能夠完全理解paper想表達的東西我是報告組的同學,-1,建議
1309,老師太多了，我覺得都講的很清楚，有些也有補充影片，來讓我們增加上課記憶，我印象裡沒有不好的老師，當然有幾個我覺得交的特別有趣，可能剛好也是我有興趣的吧，但我真的分不出所有的老師，我就統一說詞了,1,nan
1310,建議可以增加多一點的實例分析像是期中考的最後一大題那樣感覺可以增進更多的思考空間,0,建議
1310,希望國際金融可以讓我們有觀察國際股市或是模擬操盤之類的活動當作課後活動，可以當作作業加分等等,0,建議
1311,老師上課經常給予學生討論的時間，讓我們能夠針對世界上的議題做進一步的思考，並且能夠接觸到許多不同的想法，擴展我們的視野，讓我們能用不同的角度去看世界，課堂中的報告也讓我們培養找史料、論述的能力,1,nan
1312,老師上課超級認真，但因為疫情的關係很多內容都無法講述完，非常可惜,1,nan
1312,這學期老師出的作業我覺得對學生練習文筆方面特別有幫助，雖然大一去修會有點吃力，不過老師都會在一旁給予協助，非常感謝！！,1,nan
1313,很喜歡老師上課播放的台南府城空間模擬影片，如果可以在影片後更深入的介紹府城空間，應該可以讓學生有更好的學習效果，也可以多出幾次類似的作業，讓學生透過作業認識更多城市的空間紋理，也分散期末成績的佔比,1,建議
1314,因疫情而停止整個學期的面授，改以簡報方式呈現,0,建議
1314,少了教授的講解讓內容生硬很多，我認為即使沒有面授，還是可以改視訊、或是提供錄影音檔的方式讓教學內容更有效被接收,-1,建議
1314,簡報內容很豐富，但是自己讀起來有點吃力,-1,建議
1315,因為疫情的關係，現在老師改成線上課程，沒有辦法隨時注意學生的反應,-1,nan
1315,但是在學期初到班上課的時候，老師都會依照學生的反應調整教學速度，尤其是當我們露出疑惑的表情時，會重新在講一次，是一個很認真的老師,1,nan
1316,給問卷設計者希望不要侷限文字敘述意見的範疇，因為有些課程的事情不是上述11題可以包含的,-1,建議
1316,另，我認為最後一題應該包含任何種類的歧視、或不當的行為態度,0,建議
1316,有種族歧視的言論或有宗教歧視的言論也很不當,-1,建議
1317,希望老師可以在學期開始時分享怎麼讀審計或學習審計的重點是什麼之類的，剛開始接觸審計我完全沒頭緒只覺得把所有東西背完就可以考試了，甚至把小考當期中考準備，但最後才發現我背的東西都沒考!!真可惡，,-1,nan
1318,步調有點快,-1,nan
1318,內容有點失焦,-1,nan
1318,疫情影響，沒辦法體會,0,nan
1318,我都有按callbutton沒被點到半次,0,nan
1318,聽力有進步,0,nan
1318,yes11yes,0,nan
1319,教授很用心，講話速度慢慢的，我剛好可以思考完教授剛剛講的意思之後再繼續聽，覺得很棒!之前修材導就一直很喜歡教授的課，但是陶瓷製程一次上三個小時對我來說負擔有點大，第三個小時常常會不小心神遊......,-1,難判斷
1320,老師教學極為用心認真，每週安排合宜進度，講解條理清楚、內容充實，隨時注意學生的學習吸收狀況，鼓勵學生討論發問並悉心解答，報告之批改反饋、指定閱讀作業，皆有助於學習，整體教學頗能激發學生思考精進,1,nan
1320,謝謝老師！,0,nan
1322,老師上課很認真，但也因為太認真所以會在同學報告時補充很多東西，導致最後報告時間不夠，又老師安排很多平常報告，所以拖到原本預定的時間,-1,nan
1322,平常作業與報告份量很夠，但繳交後收不到老師改完的回饋與修正建議，有點可惜,-1,nan
1323,課堂非常需要使用電腦，結果到了一間不能充電的教室...班上有人因此不能使用電腦而缺課或吸收不良....因為軟體問題有些人的電腦也不能安裝或是有硬體、防火牆問題，這使課程內容的獲得不平等，無法實作讓人很容易分心,-1,nan
1324,老師真的很認真，將很多跟跑步有關的內容都介紹了，而且期末也結合尋寶的概念，變相地請了我們綠豆湯，這些都是他自掏腰包的，我覺得他十分慷慨，也是我上到目前體育課以來，學到最多的一次，他也讓我逐漸愛上了跑步這個運動,1,nan
1325,感覺上課缺少與同學互動，底下同學聽不懂，但老師仍舊照樣一直趕她的進度，這樣的學習成效不見的會比較好,-1,nan
1325,而且作業報告內容已經很多，但為了考試進度，課程一直不停的趕，應該要衡量一下時間、跟內容，而不是一昧全部塞給學生,-1,nan
1326,老師上課態度傲慢，仗著自己的輩分高，自己講自己的，不會注意同學的能力落差,-1,nan
1326,老師請了很好的業師來教學，卻認為他是補習班的教法，我想跟老師說，基礎的步驟程序還是要多教一點，同學才有辦法像老師想要的那樣瞭解GIS的邏輯,-1,nan
1327,踏碩的老師都很用心,1,特殊符號
1327,會讓學生專心,1,特殊符號
1327,都是歷史無法作答,0,特殊符號
1327,有問題都會想盡辦法回答,0,特殊符號
1327,有問有加分,0,特殊符號
1327,作業都直接給答案不回答,-1,特殊符號
1327,聽故事不回答,0,特殊符號
1328,上課沒有內容，大部分時間又都在讓同學討論期末演出，一次上課2節課都在討論，其他時間又很常在照書念，似乎完全沒有備課,-1,nan
1328,整學期台灣史上完完全沒有學到台灣史的內容，不知道花那麼多在毫無意義的演出，對增加台灣史的知識意義在哪?,-1,nan
1329,老師在評分方面不公平，讓作弊的人已被抓到，老師也知道他作弊當老師的小老師且成績還在95以上，甚至私下讓上學期的小老師加分，並且不讓大二的同學加簽卻讓大一的同學加簽，實在很奇怪，但都能得到學校的赦免並且繼續教書，我也是很佩服,-1,nan
1330,老師教學用心，也會經常查看學生傳給他的郵件並回覆學生的問題,1,nan
1330,我覺得柏嶧老師是一位很棒的老師，由於身體狀況的不適和眾多學習上的問題，常受到老師的指導及照顧,1,nan
1330,柏嶧老師也很體諒學生的難處，並且和學生建立溝通管道，是一位非常好的老師,1,nan
1331,作業改成線上繳交後，改完沒有讓學生查看錯誤的地方，也沒有解答或是說明可讓學生參考，無法在考試時藉由作業的錯誤改進,-1,nan
1331,繳交紙本作業，改完發回速度過慢，導致前一次作業的錯誤到下兩次作業繳交完後才得知，重複錯誤導致學習上有困難,-1,nan
1332,用英文教濁音沒關係，但是不應該拿來考試,-1,nan
1332,有部分作業並無法精進台語亦或是溝通能力應改善如強制要求使用正常台語使用者看不懂的字白色台語書很多字沒有附發音，導致上課練習時很多字根本不知道怎麼發音,-1,nan
1332,溝通能力應比字的使用正確與否重要,0,nan
1333,老師教得很好，可是有時候進度有點快，會很難吸收,-1,nan
1333,考試時間有點短，題目太多，寫不完,-1,nan
1333,沒有時間檢查,0,nan
1333,可能下半年的範圍有點多，又比較複雜，加上學期時間縮短了，可能會比較趕，但是一下子教太多還是比較難吸收的~無論如何謝謝老師教導，真的教得很好！,-1,nan
1334,老師上的課都很有趣，邀請的講師都很讚，唯一缺點就是老師安排的參訪課地點有點太遠了，學期初老師說可能會安排交通，可是最後還是要自備交通，對於沒有機車及駕照的人很麻煩，要跟同學喬也很不方便,-1,建議
1334,希望老師下次可以準備交通或是找比較靠近的舞蹈教室,0,建議
1335,不管報得好不好都無法知道報的到底好不好，因為是詢問式，一定可以問出問題，卻無法問出同學用心所在，大家都考100分，不代表大家都理解到100分，準備到考60分，也不代表同學只領悟到60分，因此如果僅以表面的邏輯詢問來說，並不太能幫助到同學,-1,特殊符號
1336,教授的上課時數太少了，希望能好好運用150分鐘的時間,-1,建議
1336,希望基本的語法能稍微帶過就好，比較想學真的有物件導向程式的部分,0,建議
1336,因為疫情關係，教授基本上希望我們透過網路問答問題,0,建議
1336,希望教授可以在學期中就公布小考成績，否則弄得人人心惶惶,0,建議
1337,希望老師可以準時十分到課堂,0,建議
1337,我認為複習前一堂課的內容不需要花到15分鐘之久，更何況又晚上課,-1,建議
1337,考試題目可再活用，而不是都考維基百科可以查的到的內容,-1,建議
1337,希望老師在小組報告時可以提供雷射筆給同學,0,建議
1337,今年辛苦了，相信老師明年會做得更好,0,建議
1338,這屆專題的時間根本是個笑話，以前專題截止前都有還有暑假的時間可以更加完善自己的成果，這次專題展的時間卻在學期期間，跟所有科目的作業、project的deadline全部撞再一起，怎樣有辦法生出時間好好做這個專題，系上到底有沒有在重視專題？,-1,nan
1339,1:老師超認真上課2:老師講的深入淺出3:老師有在注意學生上課狀態4:每堂課內容都蠻精彩的5:老師說有問題都可以問6:我問的問題老師都耐心為我解惑7:作業有些很難8:公平9:作業真的很多10:這部分不錯11:從沒聽過,1,重複，可以沒有完全一樣
1340,1:老師超認真上課2:老師講的深入淺出3:老師有在注意學生上課狀態4:每堂課內容都蠻精彩的5:老師說有問題都可以問6:我問的問題老師都耐心為我解惑7:心得不算難寫8:公平9:作業合理份量10:這部分不錯11:從沒聽過,1,nan
1342,遠距教學各種出包，報告一定要照她喜歡的方式做才不會被洗臉,-1,nan
1342,理性和她討論她就只會一直跳針，說真的，這是我在成大修過體驗最差的通識,-1,nan
1342,真的要說有學到什麼，那應該就是原來學校裡有這種老師，學會以高EQ的方式面對,-1,nan
1342,我真的很少把一個老師評成這麼低分,-1,nan
1343,老師上課時講解的十分認真，且每次上課時都會先複習上次所講，讓同學有個良好的內容銜接，且老師教導的比課本還多，當某些部分課本有省略時，老師會特別證明及講解，讓同學了解背後原理，而不是單純背誦，每講完一章節也都會講幾題題目，確保所學能夠拿來使用,1,nan
1344,踏溯台南是我這學期排名前三的課，透過各種校外教學讓我們能親身走進歷史場景，透過遺跡了解到這片土地上曾經發生過什麼樣的事情，也更了解我們即將待四年或以上的台南究竟是怎麼樣的存在，我覺得這是個很棒的課程，希望可以一直延續下去尤其是大路線,1,nan
1346,更改成線上課程後，老師依舊很用心講課，我認為線上課程更好,1,nan
1346,線上課程的ppt檔案很棒，讓我們能夠對照課本圖表作筆記,1,nan
1346,若有問題都可以在討論區直接發問，老師都會回答,0,nan
1346,因為線上課程的關係，期末考比重過重，壓力有點大，疫情減緩後應可到班考試,-1,nan
1347,我覺得鑑慧老師備課非常認真，在上課時丟出來的問題和想法也能刺激我的思考，但是因為這學期遇到了雷隊友搗亂報告，不太確定老師會不會依照個人負責的part來評分，所以才在第八題僅填了尚可,-1,去識別
1347,總的來說我很喜歡上世界史這門課，但就是會為了最終的成績徬徨不安,-1,去識別
1348,史老師上課很精采，尋才育才留才，善用人才是公司最重要的環節，這門課對企業經營幫助很大,1,去識別，難判斷
1348,邀請江秀真老師來演講分享，既擴展了同學視野也讓聖母峰1996的個案收到畫龍點睛之效,0,去識別，難判斷
1348,美中不足的是因應疫情途中有數堂課拆分為兩間教室上課，視訊授課的效果遠遠不如在哈佛講堂上課,-1,去識別，難判斷
1349,老師超棒的!!!!!由衷感謝他因為我們幾個大一莫名其妙跑來修課但老師還是常常顧慮到我們沒學到的內容進而去做教學上的調整教學上是屬於台下台上互動式的所以我們有問題都能馬上提出我覺得這樣的教學環境很好!然後對不起我很常遲到:期中考還墊底:,1,nan
1350,很喜歡老師的課，每次上完都覺得吸收到很多知識，收穫滿滿,1,nan
1350,但希望老師之後可以好好安排每一組報告的時間，並在開學時就清楚講好每組到底要報告幾次、哪些主題，才不會造成期末時大家急急忙忙的交作業,0,nan
1350,BTW這學期有好好遵守ourtimeregulation很讚讚！！,0,nan
1351,某次平時作業補交遲交，加上老師再開放系統時我沒能及時補上因此讓老師在此事上費神了我覺得很不好意思造成了老師的困擾，同時也很感謝老師給我機會補交繳交之後原想再發信去通知和感謝老師的，但怕反而增加老師讀信的工作量所以想最後在教學意見裡面，特別謝謝老師的用心,1,nan
1352,有對於台灣現代史更深一層的了解，特別是二二八事件的被害者及其家屬，以前都不曾如此深入的明白這個事件為何之所以造成，只是覺得這群人都很激烈的去抗爭，也不清楚這些人為何要反抗,0,nan
1352,上完課後，就比較可以以小視角、個人的視角了解整個台灣現代史的框架，並非過往教科書用的大架構、大視角,0,nan
1353,老師教學頗認真但對作業繳交方面要求過多不太懂為何使用同樣的成大moodle平臺非得多一個繳交程序造成很多人第一次期中作業繳交失誤老師心情不好我認為不該只檢討學生操作失誤既已使用線上授課應盡量從簡我認為老師方面不熟悉moodle的操作對作業繳交問題也有責任,-1,nan
1354,這教授是我目前遇過最好的老師了，給他這麼高的評價一點都不過分,1,nan
1354,我從來沒有遇過老師可以知道下一個動畫後投影片會出現甚麼，期中期末考卷自己改，疫情影響課堂上上一次回家再額外錄一次影片，希望所有同學都有能好好學習不受影響,1,nan
1354,教授從來不趕課，如果課上不完就5點以後繼續上，是位認真的好老師,1,nan
1356,用心備課，內容豐富、認真的老師，然有些事情期待改進,-1,nan
1356,期末作業來得突如其然，未與同學先說明、溝通,-1,nan
1356,作業困難，繳交時間卻相當短，突襲式地出在學生課業繁重的期末，恐怕不夠為學生著想,-1,nan
1356,PBL的分組明顯非隨機，與說明不符，許多組別行成善於表達的學測組和不善言語的指考組，值得改進,-1,nan
1357,老師很認真的在教學,1,nan
1357,講解很清楚且扎實,1,nan
1357,主要是線上課程，較難注意4教學內容很充實，且好應用,1,nan
1357,主要是線上課程，較難注意,0,nan
1357,若學生有問題都會認真回覆,1,nan
1357,考試讓我學習的更好,1,nan
1357,評量方式很公平且適當,1,nan
1357,基本沒有作業,0,nan
1357,教學方式讓我思考,1,nan
1357,對待學生的態度都很公平,1,nan
1358,我認為課堂名稱與課堂內容有所出入,-1,nan
1358,當然由黃華安老師做手機攝影的教導，以及策展的領導是很有價值和分量的，但是這並未令所有選課學生都習得藝文展演策畫與實務,-1,nan
1358,以上，麻煩老師審慎思量,0,nan
1358,建議老師就單本或數本文本，抑或是徵求一位或數位策展專業人士的經驗，重新規畫以課堂名稱為主的整學期教學內容,0,nan
1359,疫情嚴重時起就有可自行選擇同步線上或是實體授課，以下均是討論線上授課的問題：,0,nan
1359,但不知道是設備問題還是老師忘記開，大多時候線上開啟時間偏晚約延遲10~20分鐘，有時會造成有些許內容沒有聽到，甚至有一次是第一節下課前十分鐘才開啟來,-1,nan
1359,有幾次會出現線上上課沒切螢幕，只能純聽老師聲音上課,-1,nan
1360,老師上課時提到太多個人主觀的價值觀，有些價值觀的確很好，值得同學學習,1,nan
1360,但是也有很多價值觀其實是偏頗的,-1,nan
1360,前面幾周的課程特別明顯，同學來上課其實是想聽藝術這方面的東西，可是卻一直聽老師說老師對其他事情的看法,-1,nan
1360,製作報告固然能從中學習、成長很多,1,nan
1360,但是份量真的太多，壓縮同學念自己專業本科課業的時間,-1,nan
1361,能注意學生反應,1,nan
1361,教學內容充實,1,nan
1361,鼓勵學生發問,1,nan
1361,用心對待學生問題,1,nan
1361,報告的回饋大致有助於我的學習,1,nan
1361,評量方式大致適切且公平,1,nan
1361,無指定閱讀或作業,0,nan
1361,教學方式能極度激發我的思考,1,nan
1361,完全不會有性別歧視或性意涵之語言、舉止或態度,1,nan
1362,最後一堂叫我們回去自己想kappa的問題是怎樣，很好玩嗎?每個老師像你這樣叫學生回去想就飽了啊幹，叫我們回去想就算了，也沒有給正確答案，因為就算想了，也不知道是不是對的，我當初就是因為看到褚老師開課，才慕名而來的，我去你的掛龍頭賣豬肉，肏我還想說材力一怎麼會叫我們去修，原來都算好好的了，我肏！,-1,去識別
1363,楊老師會在學生報告後給出相對應的回饋，且引導學生思考解決問題的方法，但在最後一次報告後，就不見楊老師及蕭助教的影子，也未收到楊老師修改的展示腳本,-1,去識別，建議
1363,個人覺得整個策展及撰寫展示腳本難免出現許多問題，會造成整體進度延宕，若是蕭助教及楊老師能多幫忙洪助教及謝老師的話，整體進度必定可以順利許多，也能分擔一些問題,-1,去識別，建議
1364,老實說，上完這堂課之後發現跟網路上評價完全不一致，老師人不錯，但就是因為跟想像中有落差網路上評價是很熱情和善，但現實其實還好所以不太適應，而且常常會有講到一半就不講了的情況不是突然不講話那種，是好像沒頭沒尾就結束話題了，所以在做作業的時候常常搞不清楚狀況，而且報告和考試太過密集，如果對於力求完美的人而言可能會覺得負擔不小,-1,nan
1365,老師上課中英文夾雜，語法邏輯不清，學生無法理解老師說話內容,-1,nan
1365,老師強調他是留美回國的老師，因此上課會中英文夾雜，但留美回國的老師不下百位，其他授課老師能仍語意流暢地進行教學，個人認為留美不能成為上課教學品質不佳的理由,-1,nan
1365,考試結束後，學生向老師詢問是否可以先公佈成績，老師拒絕，理由為不想讓學生去跟老師討分數，個人認為此理由不正當,-1,nan
1366,常常都不能知道老師想表達的意思，好像不是只有我有這個問題，例如小考的題目有時候都不知道到底要我們回答什麼，就算認真聽課還是不會寫的情況也有，有點抓不太到老師重點的感覺，考完試也沒有公布答案，無法清楚知道自己成績情況，此外還有期中要我們寫不記名回饋單，卻跟我們一對一檢討問題，不知道這樣不記名的意義在那裡等，這幾點覺得比較可惜，但這還是一堂有趣的課,-1,nan
1367,2常常聽不懂在講什麼東西，邏輯很差4教學內容幾乎都是維基百科的東西，根本不知道來上課是要幹嘛，而且PPT很醜6基本上自言自語，學生講話都沒在聽，根本不注重學生意見，甚至可以說是聽不懂7沒有考試，報告的回饋都是在亂講，根本沒有認真聽我們報告的內容9沒有指定閱讀也沒有作業，甚麼都學不到10綜合上述，我根本學不到任何東西，更不用說要激發思考,-1,nan
1368,老師每天都很盡力早到,1,nan
1368,老師講理清楚分析易瞭,1,nan
1368,老師教學進度不多好吸收,1,nan
1368,老師內容充實不僅也有趣更環扣時事,1,nan
1368,老師一直很鼓勵學生回答,1,nan
1368,如果有問題老師都會盡力回答,1,nan
1368,報告雖然很麻煩但對了解課本真的有幫助,1,nan
1368,公正且公平,1,nan
1368,老師給的影片或者推薦閱讀都很棒,1,nan
1368,每一節課都令我陷入深度思考之中很棒,1,nan
1368,老師從沒有這類行為,0,nan
1369,這學期的課比較特別，有結合攝影跟詩詞，簡老師都用鼓勵的方式，讓我們嘗試寫詩，上課有時很有趣，我這學期也看到了很多詩人的心境，都是很跳躍、很超乎我想像的,1,nan
1369,我之前剛好有學過攝影曝光、焦距、ISO之類的，唯獨缺了構圖，黃老師講解的攝影構圖給我很大的幫助，他上課很認真，看得出對攝影有著源源不絕的熱情，對於我們的作品也是很鼓勵，不吝於讚美，給了我們很大的信心,1,nan
1370,前面幾堂課先上了一次，後來三階選課公布之後又把前兩堂課的內容再上一次，不知用意何在???那我們先選課的幹嘛聽兩次一樣的東西，而且還是其中一堂還是他的自我介紹、經歷，聽這些對於我們到底有甚麼幫助我也不懂,-1,nan
1370,最後更扯，期末前一個禮拜直接上了100多頁，整學期不包含那堂也才150幾頁，一天飆完根本沒有人聽得懂也沒有人在聽，只會讓人討厭而已，根本是不想讓人睡覺吧,-1,nan
1371,態度大致認真,1,nan
1371,表達大致清楚,1,nan
1371,大致能注意學生反應,1,nan
1371,教學內容大致充實，理論具有應用性,1,nan
1371,實體課時大致有鼓勵學生課堂討論與發問,1,nan
1371,考試或報告的回饋大致有助於我的學習,1,nan
1371,評量方式大致適切且公平,1,nan
1371,指定閱讀或作業對學習大致有幫助,1,nan
1371,教學方式能激發我的些許思考,1,nan
1371,完全不會有性別歧視或性意涵之語言、舉止或態度,1,nan
1372,課程前半段的當代藝術思維的簡報照片量建議能精簡些，這樣反而比較能有更全面有系統的講解,0,建議
1372,課程設計能讓我們在理論與應用間比較探索,1,建議
1372,老師鼓勵同學表達發問,1,建議
1372,考試的準備的確能讓我對藝術及自我探索有初步的認識,1,建議
1372,指定閱讀書籍對藝術歷史發展有初步的了解,0,建議
1372,講解方式頗能激發思考*這堂課對建築領域的學習很有幫助，尤其是在應用的方面，我學到了很多新技巧,1,建議
1373,第一次看到這麼用心的老師補充很多東西，也希望照顧到每個學生老師一次開太多視窗，今後可以規定一個版本就好我雖然是用舊版但新版內容回去看補充資料老師都寫得很多詳細所以老師可以專心一個畫面就好口語表達上可以講重點句子，重要的內容以及與課程無關的內容混在一起學生比較不好掌握及吸收,1,建議，難判斷
1373,課程內容非常豐富，補充超多東西讓學生獲益良多，但建議慢慢來，台上很急促台下也會慌亂,-1,建議，難判斷
1374,老師教學認真、解說詳細,1,重複
1374,老師上課表達清楚,1,重複
1374,老師能夠注重學生反應，針對進度做調整,1,重複
1374,教學內容充實，能學到許多不在課本上的知識,1,重複
1374,鼓勵學生發言與提問,1,重複
1374,用心回答學生的問題,1,重複
1374,學習單之回饋有助於我釐清思緒與統整心得收穫,1,重複
1374,評量方式適切,1,重複
1374,指定學習單對學習有幫助,1,重複
1374,教學方式會引發我思考,1,重複
1374,不會出現性別歧視等等之言行舉止,1,重複
1377,老師是系上新來的老師，原本以為新老師會教的不是很好，但我錯了,1,nan
1377,老師上課非常有條理，也會帶例題，上課內容也會補充一些實務應用的部分，讓學生更了解該章節的東西是基於什麼原理或是應用在什麼地方,1,nan
1377,考試也都是考教過的東西，不會出一些艱澀的考題,1,nan
1377,上課起來速度適中有時候有點快，要趕進度，但我覺得還行，不會讓人有想睡覺的感覺,1,nan
1377,老師很可愛，給老師上課很享受,1,nan
1377,總之，是很棒的老師!!,1,nan
1378,熱心教學、態度認真,1,nan
1378,表達清楚，講解有系統或能舉例,1,nan
1378,大致能注意學生反應,1,nan
1378,教學內容充實，理論具有應用性,1,nan
1378,大致鼓勵學生課堂討論與發問,1,nan
1378,用心對待學生問題,1,nan
1378,考試或報告的回饋大致有助於我的學習,1,nan
1378,評量方式適切且公平,1,nan
1378,指定閱讀或作業對學習有幫助,1,nan
1378,教學方式大致能激發我的思考,1,nan
1378,完全不會有性別歧視或性意涵之語言、舉止或態度,1,nan
1379,關於應用性，對於使用NetTerm此老舊環境的原因存疑，目前應該有更多更適合的環境可以使用，雖然練習了在此環境編寫程式的指令，但並不具應用性,-1,nan
1379,關於熱心教學，老師在第一堂課時因記錯時間而少上一小時的課程，接下來從3月至今的課程，老師都藉由此理由，要求我們要提早20分鐘上課，雖然上課時間增加，但我認為並不是很尊重學生，有許多人12點才剛下課，沒辦法好好吃飯馬上又要去上課,-1,nan
1380,希望老師能認真備課，並在上課前更正ppt上的錯誤，避免上課時，同學被ppt上錯誤的內容誤導,-1,nan
1380,還有考試題目計算量真的頗大，有時候觀念都懂，但是按錯計算機，答案不正確，分數就被扣掉了,-1,nan
1380,若老師能適當設計過數字，有念書的同學們，觀念正確，就不會因為按錯計算機而寫錯答案,-1,nan
1380,最後，我認為，有唸書.認真上進的同學，都有資格獲得應有的分數，而不是誰比較會按計算機，或是誰計算能力比較強，就最厲害,0,nan
1383,老師教學認真，也很鼓勵同學思考及討論,1,建議
1383,唯一稍嫌美中不足的是，想多聽點老師講課內容，但往往礙於上課時間較短，還須預留時間給同學們發言討論，而無法講得太詳細，建議老師可以在時間分配掌控上做些調整，或是可以開設成3學分的課，但是相對來說老師和同學也會上的比較累一點,-1,建議
1383,不過總體來說，對於非本系同學來上這門課，老師的上課內容提供了非本系學生平常不會接觸的題材及視角，更促使我們思考，覺得獲益良多,1,建議
1384,熱心教學、態度認真,1,nan
1384,表達清楚，講解有系統、動作確實示範,1,nan
1384,時常注意學生反應，調整教學進度,1,nan
1384,教學內容合宜、理論與實作搭配合理,1,nan
1384,鼓勵學生互動或發問,1,nan
1384,非常用心回應學生問題，且實用,1,nan
1384,測驗項目、方式合理,1,nan
1384,評量方式適切且公平,1,nan
1384,課程時常提供運動相關資訊，有助學生學習,1,nan
1384,課程有助於學生動作的學習或運動習慣的養成,1,nan
1384,不會有性別歧視或性意涵之語言、舉止或態度,1,nan
1385,老師上課態度認真,1,nan
1385,老師上課表達清楚，擅長以說故事之方式帶入課堂主題,1,nan
1385,老師能注意學生於課堂上之反應，彈性調整其教學進度,1,nan
1385,老師教學內容充實,1,nan
1385,老師鼓勵學生討論與發問,1,nan
1385,老師耐心回答學生所提出之疑問,1,nan
1385,對於考試的回饋有助於我的學習,1,nan
1385,老師評量方式適切,1,nan
1385,老師指定作業對學習有幫助,1,nan
1385,老師的教學方式有助於我的思考,1,nan
1385,老師不會出現性別歧視等等的言行舉止,1,nan
1386,上課內容感覺有點像是把既有的法規或政府網站上的數據念一次給學生聽，聽完之後對於那些污然實際處理的辦法還是不太能有想像,-1,nan
1386,難以活用，覺得聽完之後還是書本上的知識,-1,nan
1386,就以土壤污染的處理辦法來說，老師講了很多辦法，但聽完而且考完試了，在腦中對這些辦法還是沒有甚麼畫面,-1,nan
1386,老師不太管學生反應，會很快的一直自己講,-1,nan
1386,常常講很多數據，但其實就只是講數字並不太能讓一個對該議題可能沒有充分認識的學生有概念,-1,nan
1387,熱心教學、態度認真,1,nan
1387,表達清楚，講解有系統或能舉例,1,nan
1387,能注意學生反應，調整教學進度,1,nan
1387,教學內容充實，理論具有應用性,1,nan
1387,鼓勵學生課堂討論與發問,1,nan
1387,用心對待學生問題,1,nan
1387,考試或報告的回饋有助於我的學習,1,nan
1387,評量方式適切且公平,1,nan
1387,指定閱讀或作業對學習有幫助,1,nan
1387,教學方式能激發我的思考,1,nan
1387,不會有性別歧視或性意涵之語言、舉止或態度,1,nan
1389,1、每堂課題材豐富有趣，非常充實,1,重複
1389,2、老師語速適中，發音清晰,1,重複
1389,3、會適時停頓給予學生問答時間,1,重複
1389,4、名符其實的課程衷旨，讓我們開放視野,1,重複
1389,5、每堂課皆有與同學討論的時間，讓彼此分享所學心得,1,重複
1389,6、親切應對同學提出的問題，並有效給予回覆,1,重複
1389,7、考試深度夠,1,重複
1389,8、會依照參與程度公平給分,1,重複
1389,9、讓我們學習課本以外的知識,1,重複
1389,10、每堂課的討論時間都激發我們的思考，分享交流,1,重複
1389,11、課堂氣氛和諧，大家相處良好,1,重複
1390,1、每堂課題材豐富有趣，非常充實,1,nan
1390,2、老師語速適中，發音清晰,1,nan
1390,3、會適時停頓給予學生問答時間,1,nan
1390,4、名符其實的課程衷旨，讓我們開放視野,1,nan
1390,5、每堂課皆有與同學全英文討論時間，讓彼此分享所學心得,1,nan
1390,6、親切應對同學提出的問題，並有效給予回覆,1,nan
1390,7、考試深度夠,1,nan
1390,8、會依照參與程度公平給分,1,nan
1390,9、讓我們學習課本以外的知識,1,nan
1390,10、每堂課的討論時間都激發我們的思考，分享交流,1,nan
1390,11、課堂氣氛和諧，大家相處良好,1,nan
1391,老師的部分太多內容跟系上其他的必選修重疊,0,建議
1391,第六章可以帶過就好，太多的內容跟分生、生化、遺傳都有重疊,0,建議
1391,然後第七八章遺傳模型的部分可以再精簡，老師如果要放R的模擬就可以不用先講課本的圖了，尤其是第八章上的太久了，導致課堂後半部聽不太下去,-1,建議
1391,希望可以上一些evo-devoch13、extinctionch15、coevolutionch18的課程，在系上其他的必選修都沒有提到的東西，或許學生會更有興趣一些,0,建議
1392,我個人覺得抄筆記和板書+同時上課負擔有點大在抄的同時很難同時聽到老師上課內容所以這學期很常是去上課抄下空格或板書但還是要回來線上看錄影如果這學期沒錄影就變成要自己看上課筆記自讀我個人建議是希望可以給學生完整的筆記內容這樣學生才可以專心聽講我認為訊號與系統很吃理解之前自己看老師筆記內容常常看不太懂回來看錄影重聽一次講解好很多但這樣花的時間變很多希望可以直接付完整筆記供學生專心聽講純屬個人建議,-1,建議
1393,該老師上課只會照本宣科，唸課文,-1,nan
1393,自編講義內容編排也很有問題，沒有標點符號，讓人以為回到了古代，邊讀教科書還得邊畫句讀,-1,nan
1393,希望該老師能夠檢討自己的教學方式及教學內容，而不是以當掉學生來證明自己教得很好，是學生自己上課沒在聽，把問題推給學生,-1,nan
1393,而且這堂課還是必修，很多認識的轉系生因為這堂課被當，結果延畢一年，只因為這堂課開在下學期...真的希望老師能夠行行好，不是要求老師不能當人，而是在要當人的前提下，自己也要教得好，才能讓學生被當的心服口服,-1,nan
1394,老師非常認真，即使是用線上教學，依舊能夠維持進度,1,nan
1394,老師講解完原理及證明後會舉例，不過如果能舉更多例子會更好,1,nan
1394,因為是線上教學，所以可以自己調整進度,1,nan
1394,非常充實，而且改線上後就更加充實的內容了,1,nan
1394,在線上上課，所以沒有課堂討論的部分,1,nan
1394,有問題老師都很歡迎同學寫信，而且過後會很認真地提出來跟大家討論,1,nan
1394,考試當然對物理的學習有幫助,1,nan
1394,非常公平!用考試、作業及線上點名,1,nan
1394,作業非常的恰到好處!,1,nan
1394,我整堂課都在思考,1,nan
1395,老師上課方式很像高中，大多照著簡報上的內容念，偶爾會換句話說而已，又不把簡報上傳到Moodle，念又念得很快，整堂課都要趕老師的說話速度，最後淪為打字課，沒有真正去了解上課內容，也時常來不及抄筆記，只能在群組裡與同學合作輪流拍照,-1,nan
1395,上課內容雖然豐富，但教學方式有問題，導致學生學習效果被壓縮,-1,nan
1395,平常考試也沒發回來，或是給出回饋，根本不知道哪裡需要修改,-1,nan
1395,整體來說，教學方式有待改進，不應單純將上課方式訴諸在聽講上，否則只會讓課程淪為演講，令人覺得效益不大又吸收效果不好,-1,nan
1396,不管是就老師或者課程內容而言這真的是我在學校上過最棒的課老師製作的講義真的令人有架構、有基本概念又可以拿來快速複習真的讓學生在學習上輕鬆不少再搭配老師上課補充的學說及實務運作真的學得很有成就感也對刑訴的學習更感興趣老師本人也是個溫柔又有力量的人用心回答學生問題、在線上補充許多資料也十分好心地把無法上完的課程錄製影片供大家學習這樣用心又對學生好的老師真的很難得好到對不算很用功學習的我都感到有點愧疚唯一小小的遺憾是學校把刑訴濃縮成4學分實在學得很緊湊感謝老師,1,nan
1397,對於很多第一次接觸法文的同學來說並不是很容易可以聽懂，雖然老師強調課後自己複習很重要，但每次上課塞進腦袋的內容都很多很雜，複習起來會很沒動力和手足無措,-1,nan
1397,看不懂或有問題的地方如果去問老師還要擔心下堂課會不會一直被老師點名關注，問問題前還要擔心問這個會不會被老師唸,-1,nan
1397,希望教學可以採漸進式和更有規律一些,0,nan
1397,文法書全都是法文其實自己讀起來很吃力，一句一句都要去googletranslate查，有時候查到的翻譯還很怪，老師上課又講的不是很清楚和很完整，最後只能問同學，偏偏同學也不是很了解,-1,nan
1397,最後就會形成一個惡性循環,-1,nan
1400,因為之前在外面就有學過日文，而這堂課用的是朱老師自己編的教材，我覺得不是很好用，有點把重點四散在書中,-1,nan
1400,上課時，很常談論到政治話題，一直闡述他的政治理想，例如台灣不應該獨立、韓國瑜做得好好的為甚麼要罷免他....諸如此類的話，我認為身為一個教育家不應該這樣，去左右同學的思想自由，這跟資不資深無關，而是當一個老師的原則,-1,nan
1400,除此之外，老師一點都不親切，一種高高在上的感覺，但這點是沒差拉，反正是要去學習又不是要套關係，只是覺得觀感不好,-1,nan
1400,儘管如此，我還是有學到一些東西，例如在日本的一些文化或書本上的知識之類的，給分數也是蠻大方的，但總體來說學習體驗不是很好，希望你們真的有在看這些評論,-1,nan
1401,課程改善意見:希望未來的課程設計中能在一開始就宣布關於小組貢獻程度與出席率的成績比重，以此達到提醒修課同學不要有僥倖搭便車心態的目的，又或者更頻繁的以一周或雙周為單位要求各組組員填寫互評表來互相監督，因為此課程主要是讓學生靠各自專長與專業一起合作去執行社會服務，這次就有新豐組的同學從頭到尾擺爛，課堂時間翹課未出席、小組額外約的討論時間也不見蹤影，整學期僅出席不到五次，在組內更是零貢獻，雖不知道這學期的成績比重方式，但倘若該同學最後還是以較低的及格分數得到學分，我認為這是十分不公平的事，雖之前以和助教反應，但希望以此同學作為範例讓開課老師也知道小組內有這種事情發生，並進行日後課程設計的微調，謝謝,-1,建議
1402,錄影的那位助教黃明彥相當不適合擔任助教一職,-1,去識別
1402,錄影的影片，當老師以走到另一畫面，無即時跟上老師，導致老師已經講完、寫完兩分鐘的板書，才將鏡頭切換過去，根本不知道剛剛老師在講什麼,-1,去識別
1402,既然是助教，對於同學的疑問，何況是大一基物而已，應該能為同學解答課程上的疑惑，或老師，但詢問助教時，回答的品質相當差，讓人根本不想再問第二次,-1,去識別
1402,同學在考小考、期中時，請不要一直走來走去，還繞過每一排，同學必須隨時注意手肘有無撞到他,-1,去識別
1402,在前方講台走來走去，很吵！！！！！最後，謝謝老師用心的教導，也許不是每個笑話都很好笑哈哈，但老師用心的態度，為了讓上課氣氛活絡一點，學生都感受的到，希望期中期末不要那麼難QQ,-1,去識別
1403,老師在教學方式上有很大需要改進的地方,-1,nan
1403,似乎沒有備課，上課時常常不知道自己準備的課本內容是什麼，導致同學也無法得知正確的詞語意思,-1,nan
1403,也因為準備不足，上課時總是前後矛盾，同一個詞語，有很多種解釋，但老師自己都不知道哪個才是正確的，造成我們學習上的困難,-1,nan
1403,老師對待分數的公正度也有問題，上學期有同學在期中考時作弊，被人匿名寫信檢舉，老師不但沒有要求他們補考或調低他們的分數，只告知作弊的同學他們被舉發了，沒有依循校規處理，就這樣掩蓋了他們在期中考作弊的事實,-1,nan
1403,甚至偏袒擔任小老師的同學，因為她的期末考分數太低，讓她以加分方式補足成績期末考分數為6X期末總成績卻為9X,-1,nan
1403,總體來說，同學們都認為老師的教學效果不好，希望她能更用心對待這門課程,-1,nan
1404,2老師上課很喜歡解釋詞語，但只針對自己知道的詞解釋，這樣不如乾脆都不要解釋就好，還可以省掉有可能出錯的部分,-1,nan
1404,4在citation之類的理論是很實用沒錯，但paraphrasing是國中就學了的東西，真的不需要在大二的課堂上再教一次耶,-1,nan
1404,56老師上課很活在自己世界裡耶，如果有同學有問題還會質疑他說上課是不是沒認真聽，但就是沒聽懂才要發問啊...9老師很喜歡補充一些跟課堂上的內容一點關係也沒有的知識,-1,nan
1404,10老師上課的時候會很自然而然地流露男性霸權的想法，有一次提到他老婆有多優秀的時候還說：她一個女生能有這種成就已經很厲害了這不就是壓根覺得男性比女性優秀嗎？像這樣性別歧視性的言論還有很多，希望老師可以多注意不要成為既得利益卻壓榨弱勢的那一方,-1,nan
1405,老師的接學方式，我個人覺得很棒，會舉例很讚大多數好像都不喜歡老師的方式，但我個人覺得蠻喜歡的,-1,建議
1405,但老師的教學內容可能要再有所調整一下，大重點都有教到，可是總有種一直跳來跳去的感覺，然後有一個大重點沒教完，例如抵押權,-1,建議
1405,跳來跳去的部分是，一開始介紹動產不動產，那感覺應該先把用益物權跟擔保物權教完，再教占有、共有好像會比較好，這樣記憶會比較連貫,-1,建議
1405,然後考試不能帶法條真的有點太困難了QQ物權東西超多超雜，很多東西超像，法條超多，很難背起來，可能這部分我自己問題很大，我比較不擅長背法條考前真的背到死,-1,建議
1405,我自己自認上課算認真，老師的方式我也還蠻可以吸收，只是其他大多數同學好像都不能，老師的內容可能要再改一下，但講細一點我是很喜歡的,-1,建議
1406,我認為這門課需要一個主軸，讓每個老師教的東西有連結，不然整堂課就像是硬湊刷學分用的,-1,建議
1406,可將課程分為上下兩個學期，在第一個學期先教一些儀器分析的基礎，像是偵測極限、動態範圍、校正、訊噪比等，然後再開始教一些分析的原理、原子光譜、分子光譜等，有了這些基礎知識之後，在第二個學期切入各個儀器去細講，這樣我認為在學習儀器原理、儀器的架構組成會有根深的見解，也學得比較快，才不會像現在這樣只是把老師上課念過的東西寫到考卷上而已,-1,建議
1406,最好的情況是，在這門課結束時讓學生選定一個主題，讓學生思考如何利用學到的儀器來解決問題,0,建議
1406,可以參考化學系的分析化學二使用的教材，PrincipleofInstrumentalAnalysis，但是化學系因為把很多東西都塞在一起，所以在講儀器時沒有我們那麼深入,0,建議
1407,對待學生的問題非常不確實，寫信給老師詢問分組事宜都不回，小組報告的公告時間助教根本沒有給第一組的學生時間準備，為什麼分好組後不能直接公布報告順序?分得要等剩一個禮拜才講，還說可以提早開始，什麼時候開使我們可以自己決定吧，並沒有說第一組報告不行但助教要先說順序阿，助教的回應也很傻眼，一下要用信箱問一下用突然可以用messenger，然後開使鬼打牆，是不知道助教這樣的原因拉是怕被老師知道嗎還是怎樣?更扯的是問他課綱上的問題竟然還要被嗆，還寫信告訴全班要是再問課綱上的問題會影響課堂表現?這也太誇張了吧每個人對文字的解釋本來就有差異，同學只是問一下自己的疑惑希望助教可以解釋一下釐清我們的困惑而已竟然還要被恐嚇，真的很誇張ㄟ請問一下現在的老師都允許助教這樣對待學生的問題喔??是說也不期望他看到這些拉只是齁希望以後遇到的助教可以情商高一點啦然後做事不要這麼蝦好嗎，謝謝,-1,nan
1408,感覺三位老師應該是臨時在暑假被通知要教大四吧，因為在這一年內，始終無法發現課程內容的核心,-1,nan
1408,也因為這樣，老師們好像每次上課都沒有很認真的感覺，說實在的光是開學那句我懶得看報告書，就是無心教學阿，這樣就算了，簡報時想跟老師解釋的時候，也會被直接拒絕，欸不是這樣的吧，覺得實習內容有問題就要解決跟溝通，彼此找到癥結點跟錯誤點吧，一言堂的方式到底是要怎樣幫助學生,-1,nan
1408,更遑論常常會有意見與前幾個禮拜的意見完全相反的時候，感覺就是看當天想講甚麼就說甚麼吧，這就是沒有前面提到的核心，所以老師只能想到甚麼就說甚麼，給的意見也沒辦法幫助學生們修正、抵達想解決的核心議題,-1,nan
1408,況且有些意見真的很好笑，例如：把青銀共居放在鄉村→可以、把青銀共居放在城市→天方夜譚，或是在倒數兩周講說要做實體模型?????大家實習經費既充裕，而且人力、時間也很不足夠，然後期末突然說要做這些真的有點誇張，要嘛就在教學大綱說好,-1,nan
1409,在此總結，基本上這堂課就是醫工所廢課，我唯一建議就是把這堂課從醫工所必修中移除，浪費時間浪費錢又學不到東西，學分費4800當學生盤子，我就不懂都已經在自己的實驗室學習半年了，這堂下學期的課還在讓我們了解其他實驗室在做甚麼？我完全不會想知道欸，這種事情不是應該要進研究所就該先去了解的嗎？還有，我就不明白，明明就有分醫電跟材力，啊是讓醫電聽材力老師的內容是能聽出甚麼？我在寫程式或硬體電路設計你講怎麼搞細胞我是能應用？完全結合不起來啊還有，就是這課不僅廢就算了，還是必修一定要選，課程時間就卡一個時段，想去修其他好課都因為必修卡到，完全不能修，真的是損失慘重，浪費錢學不到東西還會失去其他更好的學習機會研究所不是應該專精在某一領域嗎？這樣廣泛地去探討一些無關自己研究的主題，就算提倡跨領域，這樣的課程內容深淺不一，似懂非懂，真的對研究生有幫助嗎？感謝每位老師來教導，我每個老師都複製一樣的內容，但願這堂課有所改革，讓之後的學弟妹能夠從課堂裡真的帶一些東西走，不要像我帶著滿滿的怨氣與遺憾！,-1,nan
1410,非常不好，是上大學以來上過條理邏輯最不清楚的課,-1,nan
1410,邏輯混亂，瘋狂出錯，一直跳針，而且老師也沒有意識到自己的不足,-1,nan
1410,講錯的東西都跟課本天差地遠，明顯就是沒有備課,-1,nan
1410,最糟糕的是產生錯誤同學反映了他也不願意更正，顧左右而言他,-1,nan
1410,只想講自己要講的，完全沒在在乎我們要考國考，重要的知識點都被掠過例如凝血機制的部分，根本就兩句話帶過，造成學習困擾,-1,nan
1410,身為基礎科學的老師並未幫助我們打好基礎建立觀念，反而一直想要搶臨床老師的工作，還沒走路就想學飛，叫我們診斷case,-1,nan
1410,雖然不可否認我們必須被迫去查資料所以最終還是得自立自強學會機制，但整堂心血管課程都是自學而成，實在看不出老師存在的意義,-1,nan
1410,實驗課討論的時候根本沒在管學生提出的問題很爛只是為了加分為問而問的人一大堆，占用到真正想學習的問問題同學，值得思考的問題反而被老師以沒時間帶過，而且老師在同學報告的時候打瞌睡，真的讓我們不得不質疑實驗課評分的標準要怎麼辦畢竟老師可能根本有好幾組在報告甚麼都沒聽到,-1,nan
1410,考試方式的評分標準實在不公開透明，主觀意識強烈，公平性很令人不解,-1,nan
1411,身為一位幸福的成功大學的大一新生，首先，十分榮幸加入成功大學這個大家庭，因此，我才能夠非常幸運地有踏溯台南這一堂必修課，此外，而這樣一來，這門課程讓我的幸福指數更加提升了數千數萬倍,1,nan
1411,我要感謝校長給予我這麼如此寶貴的學習經驗，真心地希望如此優良的課程仍夠繼續讓往後千千萬萬位學弟妹仍夠繼續受惠,1,nan
1411,而身為一個土生土長的台南人，因俗事擾心及雜事繁重，從來沒有以認真的態度了解台南，感謝文學院提供的機會，讓我能更進一步地了解台南,1,nan
1411,感謝歷史系和中文系和地科系的師資協助，讓我更能夠了解台南的深度文化之旅，進一步能夠了解台南對台灣在歷史進程中，位居舉足踏溯台南對我而言是令我難以忘懷的課程，它不僅能讓我更加了解過去我並不認識的台南，當到我未來要向旁人介紹台南之時，我並不會只有說台南是美食之都的膚淺話，而是會大聲地跟他她說，我有參與過踏溯台南的課程，並且以踏溯台南課程所帶領我們走過的路線，而路線上都留下了我們愛台南和珍惜台南這片土地的足跡，也帶著他她們一起走過一遍，讓他她們也跟著我們走過一次，一起體驗台南土地的溫度，一起感受台南文化的熱情，一起了解台南的歷史風貌和人文美景,1,nan
1412,上課時很多觀念都講解得非常模糊，有時連自己上課的投影片都解釋不清楚，還有很多經驗公式都是錯的，上課回答不出學生的問題還需要助教出來解圍，或上了助教課才懂，因為教授本身也不知道那些東西，甚至直接在課堂上說因為不是自己的領域所以她不懂，要學生體諒,-1,nan
1412,因為出的報告難以計算，就延期繳交日期，但明明在禮拜一就私底下和自己熟悉的組別告知此事，卻不發moodle通知學生，一直到交報告的前一天禮拜三才公布延期，明明很多組別都為了要準時交出報告前幾天還熬夜做完了報告，卻因為自己比較熟識的學生反應做不出來就延期，延期了也不提前公布，只單方面提前告知熟悉的同學，讓人覺得是否有點偏坦,-1,nan
1412,這堂課幾乎每個禮拜都必須繳交一份報告，花了一整個學期的周末，報告的評分卻只有60%，看起來似乎會及格，但老師卻在上課時明確的表示報告是絕對不會給到滿分的，既然如此，卻要學生花那麼多的時間和精力去完成這作業,-1,nan
1412,明明可以給學生更多時慢慢完成報告，卻學期末請了4周外面的講師，直接縮短上理論性課程的時間，而且講師別歧視非常嚴重，直接對女性開各種地圖砲，因為航太系女生比例很紹就可以如此嗎?,-1,nan
1414,對於電腦無法使用SPSS、又被要求要自己解決這個障礙的同學來說，學校的電腦教室是很珍貴的資源，雖然老師說課前或課後同學可以隨意使用電腦教室的資源，但助教每次都是在老師一走就把我們趕出電腦教室，並且這堂課上到17:00，而老師若16:00下課助教也不讓我們使用電腦教室的電腦，詢問可否在教室待到應下課時間，得到的答案也是口氣不太友善的回答，且上課前助教有時會遲開教室或雖然人在教室內，卻不開放給學生進入，不僅無法課前練習SPSS，課後也無法，上課時又需要聽老師的講解，實在是不知道要在何時練習強化使用軟體的能力，只能頻頻向同學借用電腦，又對佔用同學使用他自己的電腦的時間感到很不好意思，只能在其他也有使用電腦教室的課堂開啟時，訊問別的老師是否能夠在教室一角借用電腦，時常還會卡到其他上課時間，十分不方便，我認為學習新軟體固然令人興奮，然而對使用軟體有困難的同學，上述情形反而會澆熄其學習熱誠，因此希望下學期課程能夠改善這個部分，讓有些電腦無法使用SPSS軟體的同學也能夠在課前或課後大約一個小時練習SPSS的應用，畢竟不是所有人都有經濟能力購買一台新的電腦或是非學校提供的SPSS軟體,-1,nan
1416,老師非常混水摸魚，上課完全照著ppt念，真的是一個字一個字念那種，然後又愛管東管西，藉著每周小考的名義每天都晚到班上課半小時，念完ppt就下課，感覺根本不知道自己在教甚麼，如果遇到自己不太懂得也不會想說要查一下再跟學生解釋，而是直接裝傻跳過，假裝沒講過，坐在位子上的每一個學生都可以上台講得比他清楚比她厲害，我真的不懂為何不用心教學的老師有甚麼資格要求學生上課要認真聽他上課?陳淑惠是我在成大遇過最混最不知所云的老師，唯一的好處就是考試不會太難，很好奇為何成大管理學院會聘請這樣的教授來任教，完全就是在殘害莘莘學子，有上課跟沒上課一樣，完全就是在照本宣科，完全不能激發學生思考，都甚麼年代了還要學生用背誦的方式來讀管理學，現在已經是21世紀了好嗎?難道堂堂台灣的頂尖大學的師資事這麼參差不齊的嗎?還拿甚麼跟別人競爭?可以百分之百確定上完這堂課完全一點收獲也沒有，還不如自己讀比較實際，如果貴單位不相信的話可以去旁聽一次陳淑惠老師的課看看，我句句屬實，真的是一位非常不用心的老師，給學生的感覺就是來混鐘點費的，極力建議資遣這位混水摸魚的老師，把機會讓給那些有教學研究熱忱的年輕人，陳老師沒資格當老師,-1,去識別
1417,這堂課存在著很多問題，第一.應該註明全台語授課與需要台語發言，並不是每個人的母語都是台語，硬要推廣台語只是另外一種國民黨對所謂方言的迫害、霸權而已,-1,nan
1417,第二.對於期末報告說明不清楚，一開始說都可以做，把我們的版本提上去後，又說這個那個不能做，然後再提上去才給我們個方向,-1,nan
1417,阿不如你直接給我們一個方向，讓我們不用一開始聽不懂你要幹嘛，然後又說我們想的不能做,-1,nan
1417,第三.對於期末報告的難度，對於上課的教授的方式沒有邏輯與系統，導致直接要我們產出一篇研究報告，是需要花自己很大量的時間去讀的事情,-1,nan
1417,但我們又不是只有這一科要讀，佔用了我們很大的時間，並且收穫到的只有挫折與不滿,-1,nan
1417,語言學的認識，僅止於片段,-1,nan
1417,第四.老師用心背課程度也是令人懷疑，常常上課前一天丟一篇論文叫我們閱讀，隔天就說看完的心得與想法,-1,nan
1417,教授您好，您不知道一個正常大學生每天都有每天的行程嗎?您就不能提早一點丟讓我有個心理準備與時程規劃嗎?第五.上課提到台灣獨立的意識真的很好，讓我們多多認識國民黨的糟糕,-1,nan
1417,但，這堂課叫語言學概論二，提到以前的語言政策很正常，但並不是語言本身就可以不顧阿!狂說意識形態又要我們產出高難度的期末報告，不可能!,-1,nan
